id,first_name,last_name,email,given_name,date_time,address,description,department,company,country,comment
1,Philippine,Chastenet,pchastenet0@cpanel.net,思宏,6/25/2020,0926 Golden Leaf Park,Integrated foreground toolset,Business Development,"Reynolds, Schinner and Nitzsche",Sudan,integrate mission-critical partnerships
2,Hali,Blanchet,hblanchet1@clickbank.net,美琳,10/12/2020,74706 International Road,Automated zero tolerance moratorium,Marketing,"Bins, Hilpert and Johnston",Peru,facilitate magnetic supply-chains
3,Meggie,Funnell,mfunnell2@sun.com,梓焓,9/20/2020,48 Buena Vista Pass,Focused incremental approach,Business Development,Conn Inc,Portugal,generate vertical systems
4,Berte,Batstone,bbatstone3@china.com.cn,海程,11/7/2020,86 Algoma Point,Quality-focused homogeneous database,Legal,Kautzer and Sons,China,recontextualize B2B networks
5,Leonidas,Dilland,ldilland4@pinterest.com,剑波,4/29/2020,7 Bunker Hill Crossing,Persevering contextually-based interface,Accounting,Beahan-Crona,Norway,engineer back-end infomediaries
6,Lira,Giannotti,lgiannotti5@usgs.gov,睿杰,7/29/2020,61 John Wall Way,Team-oriented explicit focus group,Sales,Walter-Jakubowski,Serbia,redefine bricks-and-clicks deliverables
7,Noah,Hundall,nhundall6@auda.org.au,轩硕,3/5/2021,37 Wayridge Lane,Compatible client-driven access,Training,"Kilback, Harris and Marvin",Russia,envisioneer open-source experiences
8,Hasty,De Mars,hdemars7@hhs.gov,思宇,5/13/2020,68384 Gateway Circle,Monitored heuristic benchmark,Legal,"Dooley, Dickinson and Bosco",South Africa,monetize visionary infrastructures
9,Vida,Gatward,vgatward8@nyu.edu,银含,10/31/2020,82551 7th Crossing,Balanced asymmetric capacity,Engineering,Heidenreich-Lockman,South Africa,deploy distributed platforms
10,Martie,Cutchey,mcutchey9@posterous.com,佐仪,8/29/2020,2256 Transport Way,Assimilated system-worthy matrices,Accounting,"Emard, Green and Cormier",United States,e-enable virtual convergence
11,Ilaire,Fryd,ifryda@home.pl,宸瑜,5/30/2020,58822 Butternut Way,Public-key asynchronous algorithm,Services,Veum-Zulauf,Indonesia,maximize one-to-one web services
12,Lexy,Harder,lharderb@simplemachines.org,墨含,9/12/2020,605 Warbler Circle,Focused foreground open architecture,Training,"Kohler, Kovacek and Ondricka",China,incubate user-centric infomediaries
13,Maddi,Attew,mattewc@plala.or.jp,晓烽,11/14/2020,69466 Bayside Lane,Advanced user-facing workforce,Human Resources,"King, Wiegand and Schmitt",Indonesia,target revolutionary schemas
14,Barby,Scothern,bscothernd@mashable.com,梓彤,12/22/2020,319 Westend Parkway,Reduced optimal neural-net,Product Management,Jenkins-Heller,Brazil,incentivize wireless e-tailers
15,Cordi,Munks,cmunkse@intel.com,可馨,2/22/2021,5 Lukken Place,Organized intermediate encoding,Training,"O'Keefe, Hammes and Krajcik",Poland,expedite integrated models
16,Pedro,MacGiolla,pmacgiollaf@yellowpages.com,瀚聪,6/11/2020,1458 Clyde Gallagher Way,Ameliorated actuating strategy,Support,O'Hara Group,China,brand extensible convergence
17,Max,Grimme,mgrimmeg@alexa.com,茹雪,10/17/2020,63 Mosinee Lane,Synergized high-level benchmark,Research and Development,"Deckow, Raynor and Metz",China,matrix collaborative action-items
18,Launce,Wason,lwasonh@homestead.com,尚霖,7/30/2020,2657 Prairie Rose Street,Self-enabling coherent success,Services,"Carter, Mraz and Hodkiewicz",Poland,synergize 24/7 web-readiness
19,Yul,Spawell,yspawelli@sakura.ne.jp,志宸,10/13/2020,76974 Roth Way,Cloned attitude-oriented software,Marketing,Borer-Mraz,Indonesia,strategize end-to-end portals
20,Abigale,Souza,asouzaj@goo.ne.jp,凰羽,9/15/2020,9887 Crowley Trail,Sharable client-driven workforce,Legal,"Balistreri, Ziemann and Bernier",Venezuela,reinvent open-source initiatives
21,Shayne,Jollands,sjollandsk@seattletimes.com,莉姿,4/1/2020,9579 Novick Drive,Progressive static task-force,Research and Development,Crist and Sons,Indonesia,engage robust content
22,Crissy,De Blasio,cdeblasiol@homestead.com,军卿,2/19/2021,0 Gale Parkway,Diverse solution-oriented extranet,Marketing,Oberbrunner and Sons,Peru,aggregate e-business deliverables
23,Ciro,Housecroft,chousecroftm@merriam-webster.com,永鑫,5/1/2020,072 Oak Valley Lane,Decentralized optimal system engine,Research and Development,Fadel-Yundt,France,drive leading-edge interfaces
24,Marilyn,Apark,maparkn@sciencedirect.com,羽彤,6/9/2020,09947 Vernon Plaza,Multi-layered actuating workforce,Services,Baumbach-Beier,Indonesia,deploy e-business metrics
25,Hilde,Preedy,hpreedyo@ox.ac.uk,宸瑜,5/9/2020,4 Birchwood Parkway,Business-focused context-sensitive infrastructure,Research and Development,Cole-Metz,Nigeria,deploy strategic partnerships
26,Candace,Jonczyk,cjonczykp@bravesites.com,雨萌,12/17/2020,35 Park Meadow Center,Expanded demand-driven collaboration,Accounting,Haley-Douglas,Netherlands,deploy value-added applications
27,Babs,Hodgin,bhodginq@auda.org.au,美琳,7/6/2020,693 Dunning Lane,Stand-alone dynamic service-desk,Sales,Purdy LLC,Russia,exploit transparent relationships
28,Ashly,Corless,acorlessr@usgs.gov,泰霖,1/31/2021,00 Debs Junction,Stand-alone hybrid service-desk,Support,Purdy-Tillman,Albania,implement viral bandwidth
29,Gilberto,Eric,gerics@comcast.net,清凌,4/4/2020,5807 Hoepker Park,Profit-focused logistical throughput,Accounting,Rau LLC,Mali,aggregate seamless relationships
30,Mano,Filisov,mfilisovt@slashdot.org,笑薇,1/27/2021,6 Larry Court,Mandatory composite frame,Research and Development,"Wuckert, Hackett and Schulist",Kazakhstan,exploit leading-edge networks
31,Kristopher,Denial,kdenialu@java.com,若瑾,1/20/2021,325 Maple Wood Avenue,Assimilated object-oriented orchestration,Product Management,Bailey-Gislason,Sweden,target cutting-edge users
32,Jere,Hitcham,jhitchamv@bloglovin.com,宸赫,9/11/2020,390 David Alley,Ergonomic 4th generation Graphical User Interface,Accounting,Dicki-Johnson,Russia,repurpose dynamic communities
33,Nicolette,Hartman,nhartmanw@1und1.de,银含,11/23/2020,983 East Pass,Upgradable next generation knowledge user,Support,Boyer-Crist,China,facilitate ubiquitous niches
34,Terese,Inkin,tinkinx@bloomberg.com,亦涵,5/24/2020,82 Lakewood Junction,Configurable asymmetric paradigm,Training,"Rice, Quitzon and Stoltenberg",Russia,iterate global eyeballs
35,Brennen,Yorke,byorkey@list-manage.com,丰逸,4/26/2020,72 Clarendon Alley,Balanced executive help-desk,Research and Development,Terry Group,China,exploit bricks-and-clicks bandwidth
36,Rollo,Websdale,rwebsdalez@sogou.com,欣妍,12/24/2020,74637 Homewood Street,Multi-layered logistical encryption,Sales,Schulist-Greenfelder,Pakistan,repurpose turn-key technologies
37,Charley,Carlisle,ccarlisle10@naver.com,秩选,5/9/2020,8175 Lillian Crossing,Customizable responsive service-desk,Legal,Upton Group,Poland,optimize granular users
38,Katrina,Palliser,kpalliser11@devhub.com,娅楠,2/7/2021,62 Fairfield Street,De-engineered next generation groupware,Research and Development,O'Conner Group,China,maximize sticky functionalities
39,Tyler,Wilkisson,twilkisson12@ftc.gov,丰逸,8/8/2020,2659 Elgar Circle,Monitored user-facing task-force,Accounting,Bogisich Inc,Niger,redefine cutting-edge e-commerce
40,Dulcine,Litzmann,dlitzmann13@1688.com,欣妍,9/7/2020,6264 Fairfield Lane,Reverse-engineered foreground data-warehouse,Training,Abshire Inc,Belarus,visualize interactive e-services
41,Sancho,Cushworth,scushworth14@icq.com,雨萌,8/14/2020,611 Sheridan Circle,Adaptive zero defect definition,Accounting,"Bins, Koepp and Pollich",Russia,innovate back-end web services
42,Hanni,Snazle,hsnazle15@mysql.com,鑫蕾,3/19/2020,8 Fordem Street,Realigned bifurcated paradigm,Services,Skiles-Kutch,Indonesia,synthesize back-end synergies
43,Rochelle,Van den Broek,rvandenbroek16@histats.com,玺越,2/7/2021,57 Utah Place,Versatile 5th generation software,Training,Pfannerstill Inc,Norway,transition value-added eyeballs
44,Gerome,McGilmartin,gmcgilmartin17@nymag.com,梓焓,9/19/2020,83 Upham Plaza,Function-based directional middleware,Accounting,Hoppe-Monahan,Russia,facilitate frictionless architectures
45,Bartholomeus,Isselee,bisselee18@epa.gov,梓彤,10/20/2020,62398 Gale Court,Quality-focused intermediate system engine,Marketing,"Hagenes, Eichmann and Ferry",Malta,matrix best-of-breed partnerships
46,Barb,Woodfin,bwoodfin19@gmpg.org,清凌,5/5/2020,4176 Mayer Hill,Optimized fresh-thinking system engine,Sales,"Paucek, Lesch and Koch",Portugal,syndicate clicks-and-mortar models
47,Solly,Misselbrook,smisselbrook1a@sohu.com,月婵,7/8/2020,038 Rieder Avenue,Front-line motivating open architecture,Sales,"Hudson, Harris and Kreiger",Mexico,brand holistic infrastructures
48,Lisa,Naile,lnaile1b@webmd.com,漫妮,5/8/2020,94 Becker Way,Cross-group static projection,Product Management,"Bradtke, Gibson and Corwin",Indonesia,target world-class interfaces
49,Giselle,Gouldthorp,ggouldthorp1c@scientificamerican.com,孜绍,2/13/2021,583 Warrior Place,Customer-focused mission-critical middleware,Training,Mertz-Wisozk,Sweden,productize dot-com functionalities
50,Farrel,Goulborne,fgoulborne1d@prnewswire.com,思宇,11/11/2020,54155 Merchant Lane,Mandatory local success,Support,"Hansen, Daugherty and Pouros",Indonesia,morph enterprise functionalities
51,Mara,Thuillier,mthuillier1e@blinklist.com,清凌,12/16/2020,41663 Luster Road,Phased disintermediate protocol,Services,Mertz LLC,Sweden,iterate sticky niches
52,Erin,Josefs,ejosefs1f@amazon.co.uk,依娜,1/26/2021,1912 Fairview Court,Distributed motivating database,Legal,Nicolas LLC,Greece,visualize interactive users
53,Ase,McIntosh,amcintosh1g@a8.net,玺越,12/1/2020,8603 Corscot Crossing,Re-contextualized secondary solution,Sales,"Reichel, Roob and D'Amore",Netherlands,deliver impactful initiatives
54,Roxie,Ferber,rferber1h@printfriendly.com,丰逸,8/2/2020,19 Springs Circle,Polarised non-volatile encoding,Engineering,Senger LLC,Albania,morph revolutionary infomediaries
55,Veronica,Windsor,vwindsor1i@berkeley.edu,伟菘,2/22/2021,63 Longview Trail,Re-contextualized leading edge standardization,Product Management,Grady-West,Russia,extend strategic mindshare
56,Cornelia,Lezemere,clezemere1j@friendfeed.com,雅芙,3/19/2020,59521 Clemons Way,Self-enabling impactful moderator,Support,"Bosco, Tremblay and Boyle",Comoros,incentivize customized mindshare
57,Lizbeth,Mattiussi,lmattiussi1k@walmart.com,轩硕,12/10/2020,81893 Carey Alley,Mandatory logistical concept,Product Management,Witting LLC,France,expedite B2C content
58,Teriann,Mattosoff,tmattosoff1l@dailymail.co.uk,睿杰,6/3/2020,04 Warrior Junction,Distributed modular matrices,Human Resources,"Langosh, Ondricka and Muller",Sweden,brand plug-and-play web services
59,Erik,Oosthout de Vree,eoosthoutdevree1m@skype.com,澄泓,6/16/2020,6527 Sunbrook Circle,Sharable transitional Graphic Interface,Training,Sawayn-Bruen,Japan,productize 24/7 web-readiness
60,Cyndie,Nore,cnore1n@php.net,若瑾,4/27/2020,87 School Park,Optimized impactful complexity,Engineering,"Romaguera, Rolfson and Mann",China,expedite impactful platforms
61,Cassandra,Pocklington,cpocklington1o@craigslist.org,澄泓,10/30/2020,26 Thierer Alley,Multi-tiered leading edge customer loyalty,Support,Will LLC,Indonesia,strategize extensible methodologies
62,Joellen,Mulran,jmulran1p@alexa.com,芮涵,7/13/2020,8338 Donald Drive,Profit-focused content-based capability,Engineering,"Klein, Heathcote and Emmerich",France,aggregate web-enabled experiences
63,Artus,Hockell,ahockell1q@cnbc.com,展博,11/26/2020,6 Thompson Parkway,Implemented intangible system engine,Legal,Harvey and Sons,Russia,deploy web-enabled systems
64,Zandra,Mariette,zmariette1r@utexas.edu,奕漳,6/30/2020,798 Corben Pass,Business-focused zero tolerance solution,Training,Goodwin-Turner,China,reintermediate cutting-edge ROI
65,Rubia,Paynton,rpaynton1s@ebay.co.uk,唯枫,12/3/2020,2 Westerfield Terrace,Optimized client-server pricing structure,Accounting,"Keeling, Bartell and Cartwright",United Kingdom,scale turn-key solutions
66,Cordelie,Lowmass,clowmass1t@topsy.com,博裕,2/24/2021,9 Lake View Street,Ameliorated secondary help-desk,Engineering,Kertzmann-Kovacek,Brazil,whiteboard bricks-and-clicks portals
67,Conrade,Savill,csavill1u@springer.com,婧琪,12/27/2020,7560 Blackbird Road,Pre-emptive bi-directional array,Marketing,Shanahan LLC,Indonesia,engineer e-business e-markets
68,Ermanno,Cranch,ecranch1v@alibaba.com,玺越,2/8/2021,74714 Anderson Plaza,Object-based interactive interface,Engineering,Daugherty-Friesen,China,seize granular partnerships
69,Isadora,Aggett,iaggett1w@umn.edu,海程,3/21/2020,99 Sugar Avenue,Secured radical encryption,Marketing,Reichel-Bogisich,Philippines,revolutionize efficient functionalities
70,Juanita,Steinor,jsteinor1x@creativecommons.org,彦歆,8/10/2020,7 Bayside Park,Integrated multi-tasking forecast,Support,"Gaylord, Cartwright and Morissette",China,brand B2B metrics
71,Celestia,Willishire,cwillishire1y@seattletimes.com,松源,4/30/2020,668 Upham Alley,Proactive holistic solution,Research and Development,"Weissnat, Tromp and Konopelski",Colombia,enable robust convergence
72,Webster,Ventham,wventham1z@booking.com,博豪,8/28/2020,25732 Mitchell Point,Realigned intangible model,Training,Dach Inc,Russia,empower cross-platform niches
73,Donall,Tailby,dtailby20@com.com,浩成,8/8/2020,20865 Scofield Lane,Versatile impactful leverage,Research and Development,"Rau, Lemke and Rogahn",Portugal,generate impactful e-commerce
74,Fred,Duckworth,fduckworth21@salon.com,雨萌,2/28/2021,09 Bashford Road,Vision-oriented actuating adapter,Accounting,"Ward, Price and King",Mexico,leverage revolutionary convergence
75,Washington,Olanda,wolanda22@unblog.fr,正梅,4/30/2020,77596 Karstens Plaza,Configurable responsive software,Engineering,"Heathcote, Baumbach and Abernathy",China,cultivate revolutionary solutions
76,Sarita,Waddy,swaddy23@ezinearticles.com,泰霖,9/16/2020,26404 Golf View Parkway,Team-oriented mobile service-desk,Human Resources,Wyman LLC,Portugal,drive cutting-edge content
77,Carrol,Duxbarry,cduxbarry24@topsy.com,银含,4/8/2020,5603 Pepper Wood Crossing,Extended 6th generation groupware,Product Management,Torp-Ankunding,Peru,implement cutting-edge methodologies
78,Verge,Huison,vhuison25@utexas.edu,墨含,3/1/2021,8 Evergreen Pass,Assimilated maximized success,Human Resources,Wiegand LLC,Thailand,utilize cross-media relationships
79,Allistir,Ghidelli,aghidelli26@google.es,泽瀚,9/14/2020,28 Bashford Terrace,Distributed 3rd generation approach,Accounting,Kling Group,China,seize 24/365 e-markets
80,Shermie,Vellender,svellender27@geocities.com,依娜,8/9/2020,216 Ramsey Avenue,User-friendly discrete focus group,Services,D'Amore Inc,Bangladesh,redefine sticky technologies
81,Cy,Swann,cswann28@trellian.com,宸瑜,3/14/2020,96 Eggendart Way,Exclusive demand-driven architecture,Accounting,Rogahn-Bogisich,Nigeria,brand out-of-the-box channels
82,Sean,Cannicott,scannicott29@omniture.com,龙胜,7/19/2020,9998 Shoshone Circle,Cross-group intangible matrix,Business Development,"Gutkowski, Purdy and Streich",Peru,innovate 24/7 infomediaries
83,Pippo,York,pyork2a@yahoo.com,香茹,6/24/2020,1 4th Place,Monitored directional database,Engineering,Rohan Group,China,harness user-centric convergence
84,Sim,Gislebert,sgislebert2b@opensource.org,思翰,10/17/2020,10805 Oakridge Avenue,Enhanced radical function,Sales,"Bayer, Corkery and Ratke",Albania,matrix robust relationships
85,Emmy,O'Hanley,eohanley2c@si.edu,尹智,9/9/2020,860 Emmet Crossing,Extended disintermediate help-desk,Product Management,VonRueden-Hermann,Brazil,unleash 24/365 e-markets
86,Pandora,Greser,pgreser2d@biblegateway.com,辰华,10/30/2020,6721 Wayridge Point,Cross-group user-facing framework,Product Management,"West, Ziemann and Pacocha",Tanzania,engage plug-and-play communities
87,Nowell,Labbez,nlabbez2e@bloomberg.com,雪怡,5/15/2020,0181 Florence Alley,Innovative encompassing frame,Training,"Howell, Koepp and Walter",China,maximize synergistic paradigms
88,Mia,Bestwerthick,mbestwerthick2f@timesonline.co.uk,若瑾,7/17/2020,575 Brown Center,Self-enabling uniform local area network,Business Development,Marvin-Dooley,Russia,productize enterprise paradigms
89,Riccardo,Prop,rprop2g@youtu.be,茹雪,5/21/2020,37 Linden Street,Open-architected secondary utilisation,Business Development,"Quigley, Emmerich and Vandervort",Kuwait,exploit B2B niches
90,Odella,Welbourn,owelbourn2h@businessweek.com,云哲,2/2/2021,226 Pawling Avenue,Enhanced neutral leverage,Sales,"Dooley, Torphy and Homenick",Philippines,enable ubiquitous functionalities
91,Trescha,Constant,tconstant2i@liveinternet.ru,俊泽,4/14/2020,41 Raven Point,Progressive 6th generation info-mediaries,Research and Development,Olson-Russel,Pakistan,empower value-added supply-chains
92,Reina,Mateev,rmateev2j@spotify.com,秉皓,3/3/2021,475 Birchwood Junction,Reactive exuding challenge,Sales,Beer-Yundt,China,expedite plug-and-play synergies
93,Templeton,Pencost,tpencost2k@nbcnews.com,培安,3/7/2021,08 South Alley,Fundamental dynamic hub,Training,"Sawayn, Schuster and Ryan",Indonesia,productize sexy web-readiness
94,Graig,McGarva,gmcgarva2l@blogger.com,昕磊,7/6/2020,6 Marquette Place,Proactive local paradigm,Accounting,Gulgowski-Harvey,Indonesia,expedite ubiquitous metrics
95,Adolpho,Torry,atorry2m@wsj.com,墨含,5/16/2020,5202 Judy Park,Robust secondary focus group,Accounting,Schaden LLC,Indonesia,e-enable e-business vortals
96,Anitra,Catmull,acatmull2n@creativecommons.org,俞凯,3/20/2020,1 Banding Pass,Monitored multi-state strategy,Accounting,Jaskolski-Bogan,Indonesia,redefine turn-key content
97,Radcliffe,Blaycock,rblaycock2o@sphinn.com,泰霖,12/15/2020,21 Toban Trail,Reactive high-level hardware,Services,"Ondricka, Schimmel and Turner",Afghanistan,cultivate collaborative markets
98,Buffy,Faust,bfaust2p@w3.org,宸瑜,1/8/2021,2992 Melrose Lane,Multi-tiered clear-thinking hierarchy,Accounting,Barrows Group,Russia,reinvent scalable partnerships
99,Jervis,Dobie,jdobie2q@baidu.com,宸瑜,4/3/2020,65 Harper Hill,Self-enabling asynchronous project,Training,Flatley LLC,Norway,iterate front-end architectures
100,Cassie,Knappen,cknappen2r@paginegialle.it,若瑾,8/20/2020,20 Pankratz Park,Mandatory fault-tolerant attitude,Accounting,Weimann LLC,Portugal,redefine holistic systems
101,Gordon,Nequest,gnequest2s@sourceforge.net,博裕,3/19/2020,0080 Summerview Alley,Total radical focus group,Product Management,"Zboncak, Rice and Wiegand",Philippines,incentivize holistic channels
102,Nananne,Chisnall,nchisnall2t@umn.edu,俊誉,10/27/2020,3 Waywood Lane,Distributed object-oriented info-mediaries,Product Management,Harber-Kirlin,France,enhance leading-edge supply-chains
103,Agneta,Krelle,akrelle2u@walmart.com,怡香,3/22/2020,16120 Magdeline Avenue,Customizable attitude-oriented product,Training,"Lebsack, Dibbert and Wolff",Argentina,streamline real-time solutions
104,Novelia,Annatt,nannatt2v@clickbank.net,静香,5/12/2020,7953 Starling Street,Business-focused heuristic leverage,Accounting,Kuhn-Pollich,France,leverage sexy mindshare
105,Marthena,Blakden,mblakden2w@netlog.com,尚霖,1/26/2021,687 Dottie Court,Polarised discrete core,Sales,"O'Connell, Gislason and Ryan",Portugal,seize wireless niches
106,Kelcey,Restorick,krestorick2x@netvibes.com,佐仪,7/14/2020,793 Forest Drive,Managed composite collaboration,Legal,"Pacocha, Stoltenberg and Abbott",Brazil,scale virtual applications
107,Jessamyn,Tomashov,jtomashov2y@multiply.com,思翰,9/19/2020,97 Buhler Place,Team-oriented object-oriented contingency,Accounting,O'Reilly LLC,France,deploy robust networks
108,Jessee,Rauprich,jrauprich2z@surveymonkey.com,佐仪,1/13/2021,2215 Red Cloud Point,Cross-group dynamic forecast,Research and Development,"Bode, Weissnat and Kessler",Sweden,benchmark proactive functionalities
109,Coletta,Scothorne,cscothorne30@networkadvertising.org,孜绍,12/10/2020,2742 Portage Point,Balanced static utilisation,Training,Ritchie LLC,China,enhance global e-commerce
110,Zaccaria,Hoffner,zhoffner31@reddit.com,梓焓,1/21/2021,1877 Oneill Crossing,Diverse object-oriented open system,Legal,Paucek-Adams,Portugal,disintermediate 24/365 methodologies
111,Berti,Vlasenkov,bvlasenkov32@gmpg.org,碧萱,6/15/2020,740 Manitowish Way,Intuitive next generation product,Business Development,"Trantow, Crooks and Ryan",Philippines,leverage clicks-and-mortar models
112,Laurella,Lovelock,llovelock33@canalblog.com,俊誉,1/9/2021,8369 Shelley Terrace,Innovative bandwidth-monitored data-warehouse,Engineering,Marvin and Sons,Mexico,deploy proactive infrastructures
113,Hart,Redhead,hredhead34@google.co.jp,尚贤,12/22/2020,34879 Hansons Avenue,Team-oriented static standardization,Training,Shields-Hintz,China,generate rich metrics
114,Giovanna,Girardey,ggirardey35@163.com,雪丽,5/8/2020,5 3rd Circle,Self-enabling directional encryption,Training,Weimann LLC,Germany,morph integrated technologies
115,Abramo,Brawley,abrawley36@nba.com,澄泓,5/30/2020,17 Hallows Crossing,Vision-oriented bottom-line structure,Research and Development,"Blanda, Blanda and Zemlak",Netherlands,evolve scalable paradigms
116,Flemming,Camoys,fcamoys37@shutterfly.com,崇杉,12/11/2020,9 Toban Court,Virtual hybrid synergy,Support,"Wolf, Ruecker and Wyman",China,orchestrate dot-com solutions
117,Marcia,McDunlevy,mmcdunlevy38@last.fm,冠泽,6/22/2020,1 6th Trail,Multi-tiered asymmetric infrastructure,Support,"Bernhard, Mertz and Barrows",Indonesia,facilitate B2B interfaces
118,Cristin,Macieiczyk,cmacieiczyk39@godaddy.com,佐仪,1/19/2021,77 Delladonna Crossing,De-engineered neutral algorithm,Sales,Ondricka-Lind,Botswana,whiteboard global architectures
119,Burt,Moorman,bmoorman3a@flavors.me,雨萌,4/8/2020,324 Heffernan Pass,Configurable 5th generation knowledge base,Research and Development,"Sauer, Collier and Herzog",Serbia,transform cross-media action-items
120,Esmeralda,Gersam,egersam3b@naver.com,琪煜,1/17/2021,14419 Kenwood Street,Reactive non-volatile extranet,Services,O'Conner-Stokes,China,cultivate proactive e-services
121,Deny,Kidde,dkidde3c@rediff.com,海程,6/19/2020,736 Forster Trail,Organized regional archive,Support,Hand-McDermott,United States,e-enable turn-key initiatives
122,Hammad,Slinn,hslinn3d@nymag.com,博豪,12/7/2020,791 Dovetail Lane,Open-source bi-directional support,Research and Development,"Schaden, Bartoletti and Kozey",Serbia,brand magnetic channels
123,Verna,Oulett,voulett3e@51.la,军卿,2/3/2021,067 Ohio Lane,Team-oriented intermediate encryption,Services,"Pfeffer, Lesch and Simonis",Indonesia,extend distributed functionalities
124,Sheilah,Kamall,skamall3f@pagesperso-orange.fr,博裕,4/16/2020,4 Bay Road,Reactive even-keeled firmware,Marketing,Spinka-Collier,Poland,optimize visionary platforms
125,Constantine,Dawidman,cdawidman3g@acquirethisname.com,娅楠,7/15/2020,54581 Sunbrook Point,Managed clear-thinking firmware,Marketing,"Carter, Feest and Zboncak",Indonesia,whiteboard intuitive markets
126,Marius,Hundell,mhundell3h@ocn.ne.jp,玺越,12/30/2020,6 High Crossing Park,Re-engineered methodical groupware,Sales,Rau-Kihn,Japan,generate interactive technologies
127,Bobbee,Challis,bchallis3i@unicef.org,俊泽,6/17/2020,471 Loomis Trail,Customer-focused reciprocal implementation,Accounting,McDermott Group,South Africa,incubate revolutionary ROI
128,Kendall,Scarlan,kscarlan3j@unesco.org,嫦曦,7/15/2020,67 Caliangt Crossing,Multi-tiered heuristic Graphic Interface,Services,"Lebsack, Schaden and Dibbert",Bolivia,incubate strategic e-services
129,Toni,Colvin,tcolvin3k@blogtalkradio.com,茹雪,3/27/2020,579 Sachtjen Crossing,Versatile dynamic customer loyalty,Research and Development,Pouros and Sons,Thailand,deliver cross-media networks
130,Merrel,Cloney,mcloney3l@opensource.org,伟菘,11/21/2020,8 Eagan Point,Programmable 3rd generation installation,Product Management,Lesch-Wiegand,Russia,evolve open-source synergies
131,Pegeen,Habbin,phabbin3m@umn.edu,明美,6/19/2020,959 Milwaukee Hill,Multi-tiered content-based flexibility,Legal,"Dooley, D'Amore and Barton",China,unleash revolutionary eyeballs
132,Zorana,Ghion,zghion3n@woothemes.com,尚霖,6/11/2020,38173 Delladonna Hill,De-engineered user-facing attitude,Training,Fisher LLC,China,reinvent interactive e-markets
133,Lucie,Dalgleish,ldalgleish3o@indiatimes.com,辰华,2/20/2021,3 Roxbury Alley,Centralized content-based migration,Training,O'Conner-Bailey,Russia,transform bricks-and-clicks experiences
134,Aurea,Erie,aerie3p@shutterfly.com,志宸,6/26/2020,657 Thierer Alley,Implemented actuating capability,Research and Development,Feil-Crona,China,mesh innovative partnerships
135,Clerissa,Kerfut,ckerfut3q@mysql.com,宇涵,7/4/2020,33 Manufacturers Way,Implemented well-modulated policy,Marketing,Dickinson-Grady,Philippines,recontextualize magnetic partnerships
136,Curran,Lauritsen,clauritsen3r@technorati.com,宇涵,9/14/2020,310 Buhler Court,Intuitive fault-tolerant moderator,Product Management,"Wilderman, Abbott and Ritchie",Philippines,brand viral web services
137,Ludwig,Aiskovitch,laiskovitch3s@surveymonkey.com,冠希,3/31/2020,8 Glacier Hill Parkway,Robust systematic groupware,Research and Development,Howe-Crooks,Bangladesh,implement mission-critical vortals
138,Teddie,Cardoe,tcardoe3t@cdbaby.com,远帆,8/2/2020,60281 Pankratz Place,Right-sized empowering attitude,Support,Spencer-Rowe,Costa Rica,scale open-source metrics
139,Trumann,St. Hill,tsthill3u@craigslist.org,泽瀚,2/27/2021,866 Dwight Place,Synergistic fault-tolerant product,Support,"Heidenreich, Daugherty and Collier",China,expedite granular ROI
140,Marijn,Lambrecht,mlambrecht3v@clickbank.net,军卿,1/7/2021,7 Stephen Avenue,Balanced coherent application,Support,Predovic and Sons,Argentina,facilitate plug-and-play schemas
141,Anette,Rapkins,arapkins3w@salon.com,昱漳,5/31/2020,6738 High Crossing Avenue,Streamlined fresh-thinking concept,Marketing,Kutch-Fadel,Afghanistan,generate global architectures
142,Raye,Chasen,rchasen3x@xing.com,漫妮,4/26/2020,19 Debra Avenue,Customizable disintermediate product,Research and Development,Walsh-Nikolaus,Brazil,matrix out-of-the-box technologies
143,Callie,Forman,cforman3y@aol.com,宸瑜,6/25/2020,93090 Laurel Court,Multi-lateral bi-directional workforce,Marketing,Abernathy Inc,Iran,brand back-end markets
144,Sawyere,Shenley,sshenley3z@chron.com,永鑫,1/21/2021,585 Petterle Place,Front-line mission-critical help-desk,Accounting,O'Keefe LLC,Panama,transition efficient interfaces
145,Teddie,Dat,tdat40@freewebs.com,辰华,4/5/2020,9 Arrowood Road,Configurable discrete policy,Research and Development,"Doyle, Konopelski and Boyer",China,whiteboard cross-platform networks
146,Alex,Garbutt,agarbutt41@123-reg.co.uk,清凌,7/6/2020,635 Bartillon Road,Horizontal dynamic portal,Legal,Jaskolski-Reinger,Indonesia,morph magnetic e-commerce
147,Natka,Shemming,nshemming42@discuz.net,月婵,8/6/2020,75947 Rockefeller Road,Stand-alone neutral approach,Services,"Rolfson, Davis and Lowe",Japan,matrix synergistic platforms
148,Sybyl,Klesl,sklesl43@google.com.hk,晓晴,2/10/2021,980 Arrowood Terrace,Up-sized grid-enabled interface,Engineering,"Bogan, Klocko and Hoeger",Pakistan,utilize rich paradigms
149,Sofie,Nicklin,snicklin44@delicious.com,梓彤,6/30/2020,65223 Fuller Hill,Robust actuating knowledge base,Engineering,Hyatt and Sons,Germany,revolutionize user-centric mindshare
150,Willamina,Bragginton,wbragginton45@goo.gl,慧妍,4/4/2020,61 Ronald Regan Lane,Exclusive full-range software,Accounting,Quitzon-Stroman,El Salvador,mesh customized infomediaries
151,Jamal,Stooke,jstooke46@ucla.edu,博裕,9/3/2020,54 Barby Plaza,Devolved dedicated matrices,Marketing,Leuschke-Turcotte,Poland,benchmark intuitive deliverables
152,Delmer,Oventon,doventon47@gov.uk,思宇,7/21/2020,3 Dapin Trail,Programmable client-server definition,Sales,O'Connell-Kunze,Philippines,generate granular functionalities
153,Constantino,Abotson,cabotson48@odnoklassniki.ru,凰羽,5/14/2020,6 Sunbrook Plaza,Re-engineered 3rd generation artificial intelligence,Sales,"Zieme, Bernier and Dickinson",Portugal,implement granular eyeballs
154,Binnie,Kleynen,bkleynen49@cnet.com,永鑫,12/12/2020,8 Carberry Place,Organic bottom-line synergy,Legal,Grady Inc,Swaziland,disintermediate seamless mindshare
155,Josi,Lestrange,jlestrange4a@discovery.com,婧琪,4/2/2020,8398 Saint Paul Avenue,Networked bi-directional middleware,Sales,Hilpert-Kiehn,United States,deliver turn-key communities
156,Odilia,Barens,obarens4b@cbc.ca,茹雪,8/20/2020,89 Pankratz Drive,Organized coherent interface,Accounting,Waelchi-Stokes,Vietnam,seize customized ROI
157,Kali,Harmour,kharmour4c@cyberchimps.com,雪丽,1/14/2021,4 Huxley Point,Devolved object-oriented service-desk,Support,"Gottlieb, Swift and Jast",China,aggregate end-to-end action-items
158,Silvain,Lipson,slipson4d@ft.com,俞凯,9/20/2020,3 Westerfield Road,Configurable interactive approach,Product Management,Osinski Group,China,deploy granular e-tailers
159,Sisely,Caulton,scaulton4e@flickr.com,澄泓,7/5/2020,76 Thompson Road,Optimized local portal,Legal,"Lang, Schmitt and Tremblay",Peru,architect rich applications
160,Zack,Addey,zaddey4f@issuu.com,澄泓,8/8/2020,6 Milwaukee Pass,Front-line radical contingency,Training,Huel-Lockman,China,embrace leading-edge action-items
161,Alyce,Corbally,acorbally4g@privacy.gov.au,晓晴,12/4/2020,246 Rockefeller Center,User-centric 5th generation help-desk,Legal,Feil Inc,Marshall Islands,innovate dot-com action-items
162,Les,Bouts,lbouts4h@washington.edu,彤雨,4/29/2020,9 Farwell Drive,Cross-platform encompassing support,Support,"Purdy, Rippin and Schiller",China,incubate integrated markets
163,Kermie,Corzor,kcorzor4i@tumblr.com,银含,8/10/2020,80 Mitchell Circle,Advanced methodical toolset,Business Development,"Sporer, Price and Sauer",Japan,empower collaborative eyeballs
164,Marci,Moyes,mmoyes4j@netvibes.com,彦军,5/8/2020,327 Kenwood Pass,Phased cohesive conglomeration,Training,"Crist, Grady and Swaniawski",China,benchmark enterprise networks
165,Zsa zsa,Kerton,zkerton4k@zdnet.com,烨伟,9/4/2020,912 Bultman Junction,Open-architected directional data-warehouse,Engineering,"Rosenbaum, Windler and Maggio",United States,reintermediate intuitive partnerships
166,Carissa,Willicott,cwillicott4l@usnews.com,秉皓,3/21/2020,95 Acker Lane,Switchable fresh-thinking standardization,Legal,Rodriguez-Shanahan,United States,facilitate cross-platform infomediaries
167,Mamie,Ranscombe,mranscombe4m@foxnews.com,鑫蕾,5/18/2020,66 Coleman Way,Assimilated intermediate portal,Marketing,"Purdy, Gusikowski and Bergstrom",Poland,engage customized e-commerce
168,Xylia,Duffill,xduffill4n@google.it,笑薇,12/25/2020,9857 Charing Cross Street,Managed radical productivity,Engineering,Brekke and Sons,Italy,transform turn-key niches
169,Rickert,Spick,rspick4o@npr.org,芮涵,6/14/2020,60 Debs Avenue,Vision-oriented holistic matrix,Legal,Lesch LLC,Thailand,brand scalable initiatives
170,Rafa,Alten,ralten4p@qq.com,鑫蕾,5/11/2020,9049 Drewry Drive,Reverse-engineered high-level task-force,Services,Huels LLC,Bosnia and Herzegovina,optimize cutting-edge networks
171,Linnell,Hamel,lhamel4q@gravatar.com,冠泽,1/23/2021,03011 Elmside Drive,Synergized regional conglomeration,Support,Heller LLC,Indonesia,iterate frictionless supply-chains
172,Sib,Wallege,swallege4r@biblegateway.com,梓焓,2/9/2021,6 Karstens Crossing,Polarised system-worthy algorithm,Accounting,"Zboncak, Quigley and Yost",Thailand,syndicate mission-critical supply-chains
173,Jemima,Harbage,jharbage4s@themeforest.net,伟菘,4/25/2020,73 Prairieview Junction,Total client-server toolset,Training,Weimann and Sons,China,orchestrate value-added systems
174,Emalia,Shakesby,eshakesby4t@bloglovin.com,雨萌,10/14/2020,149 Mosinee Trail,Managed asynchronous attitude,Research and Development,Veum Inc,Sweden,whiteboard 24/7 methodologies
175,Baryram,Perulli,bperulli4u@elegantthemes.com,尚贤,11/29/2020,660 Surrey Hill,Fundamental even-keeled knowledge base,Engineering,Leuschke-Altenwerth,Indonesia,disintermediate synergistic paradigms
176,Cheryl,Trolley,ctrolley4v@discovery.com,俞凯,5/20/2020,80456 Cardinal Terrace,Cross-platform secondary budgetary management,Legal,Hane Inc,Vietnam,exploit sticky models
177,Aloisia,Allnatt,aallnatt4w@oakley.com,若瑾,10/28/2020,0 Kingsford Way,Polarised object-oriented parallelism,Accounting,Ernser-Mitchell,Peru,enable best-of-breed users
178,Candide,Marques,cmarques4x@webmd.com,美琳,11/26/2020,9 Fulton Pass,Future-proofed bifurcated budgetary management,Training,"McDermott, Koch and Hilll",China,deploy cutting-edge synergies
179,Tasia,Delamere,tdelamere4y@illinois.edu,昱漳,4/8/2020,799 Logan Parkway,Extended full-range standardization,Accounting,"Dach, Gleichner and Balistreri",Japan,scale compelling portals
180,Garek,Auden,gauden4z@aboutads.info,泽瀚,12/17/2020,484 Elka Court,Total intangible challenge,Services,Graham-Simonis,Ecuador,repurpose user-centric methodologies
181,Vidovic,Gargett,vgargett50@shareasale.com,军卿,8/26/2020,53 Division Junction,Advanced coherent project,Accounting,Kassulke-Leuschke,Russia,strategize 24/365 e-commerce
182,Mart,Whistlecroft,mwhistlecroft51@ca.gov,澄泓,12/25/2020,43927 Sachs Lane,Synchronised upward-trending concept,Human Resources,"Hayes, Moen and Goyette",China,revolutionize cross-platform solutions
183,Koral,Barefoot,kbarefoot52@europa.eu,松源,1/13/2021,01 Ohio Hill,Self-enabling attitude-oriented help-desk,Human Resources,Bergstrom Inc,Brazil,visualize user-centric web services
184,Byrle,Houchin,bhouchin53@marriott.com,笑薇,12/13/2020,9 Lighthouse Bay Road,Reactive asynchronous open system,Sales,"Watsica, Beahan and Heller",Thailand,deliver plug-and-play convergence
185,Billy,Crolly,bcrolly54@wsj.com,依娜,5/8/2020,5 Schurz Junction,Vision-oriented incremental framework,Marketing,"Ullrich, Nolan and Hartmann",Indonesia,morph global supply-chains
186,Cad,Piggens,cpiggens55@creativecommons.org,可馨,4/13/2020,3536 Clyde Gallagher Crossing,Function-based didactic Graphical User Interface,Product Management,Doyle-Graham,Greece,incentivize cross-platform niches
187,Fabian,Apdell,fapdell56@indiatimes.com,奕漳,3/4/2021,7 Maple Trail,Re-engineered well-modulated circuit,Engineering,McLaughlin-Denesik,China,engineer vertical interfaces
188,Kaspar,McGiffie,kmcgiffie57@timesonline.co.uk,尚贤,7/12/2020,065 Veith Hill,Up-sized foreground success,Support,Johnson LLC,Portugal,streamline innovative supply-chains
189,Xymenes,Colquite,xcolquite58@google.com,彦军,1/7/2021,65 Sunfield Road,Reduced 24 hour neural-net,Marketing,"Ebert, Crooks and Hartmann",Belarus,evolve bleeding-edge experiences
190,Demetri,Tams,dtams59@si.edu,宇涵,12/7/2020,129 Kennedy Pass,Customizable intermediate implementation,Marketing,Waters-Stanton,Indonesia,engage web-enabled platforms
191,Alfreda,Dinley,adinley5a@cisco.com,海程,11/13/2020,05324 Redwing Hill,Mandatory maximized task-force,Support,Boyle-Quitzon,Indonesia,embrace 24/365 infomediaries
192,Amye,Dey,adey5b@icq.com,若瑾,8/30/2020,27 Marcy Lane,Enhanced composite implementation,Research and Development,"Bednar, Daniel and Dicki",Russia,implement integrated e-business
193,Hanson,Clink,hclink5c@bloglines.com,晓烽,12/11/2020,962 Rieder Terrace,Stand-alone human-resource workforce,Services,Jast-Baumbach,Brazil,exploit bricks-and-clicks experiences
194,Cobbie,Hendrich,chendrich5d@businessinsider.com,晓晴,5/18/2020,2757 Hayes Pass,Phased dedicated orchestration,Research and Development,Ferry Inc,China,streamline killer content
195,Kelly,Ridehalgh,kridehalgh5e@sbwire.com,俞凯,7/18/2020,48229 Aberg Court,De-engineered high-level policy,Accounting,Mraz LLC,China,expedite rich content
196,Paolo,Pepper,ppepper5f@seattletimes.com,晓晴,2/10/2021,10872 International Way,Decentralized dedicated functionalities,Human Resources,"Weber, Harris and Volkman",Brazil,seize cross-platform e-commerce
197,Kaja,Pringle,kpringle5g@ft.com,唯枫,2/27/2021,858 Muir Drive,Upgradable systemic solution,Sales,"Mann, Schuster and Becker",Indonesia,syndicate efficient e-tailers
198,Britte,Ryle,bryle5h@theatlantic.com,钰彤,5/7/2020,5470 Pond Terrace,Organic motivating functionalities,Business Development,Johns-Hamill,Dominican Republic,redefine leading-edge paradigms
199,Jaimie,Brixey,jbrixey5i@scientificamerican.com,孜绍,6/14/2020,990 Rigney Junction,Intuitive neutral hardware,Research and Development,"VonRueden, Price and Rogahn",China,synthesize viral e-markets
200,Farlee,Pentony,fpentony5j@wsj.com,伟菘,12/11/2020,76 Graceland Terrace,Organic systematic standardization,Training,Hahn-Kautzer,Portugal,e-enable bleeding-edge mindshare
201,Garik,McAlindon,gmcalindon5k@blogger.com,宸赫,10/30/2020,87 Namekagon Parkway,Re-engineered disintermediate knowledge base,Business Development,Ullrich Inc,France,facilitate robust schemas
202,Nicki,de Keyser,ndekeyser5l@senate.gov,皓睿,11/21/2020,13515 Dunning Place,Virtual uniform paradigm,Training,"Friesen, Cartwright and Pagac",China,matrix intuitive experiences
203,Nertie,Ewbanke,newbanke5m@hc360.com,晓晴,10/8/2020,237 Washington Place,Function-based hybrid synergy,Engineering,"Kiehn, Stamm and Reynolds",China,implement impactful convergence
204,Chariot,Caulcutt,ccaulcutt5n@joomla.org,月婵,8/28/2020,48112 Red Cloud Alley,Robust reciprocal Graphic Interface,Support,"Towne, Friesen and Schoen",Kazakhstan,repurpose scalable e-commerce
205,Nelly,Godfery,ngodfery5o@com.com,海程,9/20/2020,1 Glacier Hill Circle,Face to face value-added open architecture,Sales,Abbott-Runolfsson,China,leverage killer technologies
206,Sela,Lashbrook,slashbrook5p@fda.gov,烨伟,11/22/2020,7 Ludington Place,Implemented upward-trending local area network,Training,"Greenholt, McCullough and Lehner",Sweden,disintermediate e-business eyeballs
207,Corena,Learmond,clearmond5q@prlog.org,佐仪,12/23/2020,59 Garrison Junction,Phased empowering software,Services,"Feeney, Leannon and Mayer",China,revolutionize sexy users
208,Coriss,Riach,criach5r@myspace.com,璟雯,4/21/2020,06 Katie Plaza,Organic intermediate knowledge user,Services,Trantow Inc,China,enhance bricks-and-clicks vortals
209,Kaitlynn,Simenel,ksimenel5s@slashdot.org,明美,2/5/2021,07958 Hayes Way,Virtual zero tolerance encoding,Legal,Miller-Stamm,Philippines,transform distributed partnerships
210,Giorgia,Seyers,gseyers5t@woothemes.com,淑颖,10/20/2020,4 Magdeline Plaza,Re-engineered radical secured line,Legal,"Welch, Douglas and Little",Mali,target innovative networks
211,Torey,Kevis,tkevis5u@slideshare.net,云哲,2/18/2021,08940 Gale Lane,Optimized bandwidth-monitored hierarchy,Research and Development,Rippin Group,Poland,drive customized channels
212,Lucina,Beahan,lbeahan5v@pcworld.com,哲恒,3/6/2021,181 Mosinee Lane,Mandatory needs-based migration,Support,"Frami, Brown and Krajcik",China,productize mission-critical functionalities
213,Augusto,Gross,agross5w@nasa.gov,浩成,3/12/2020,121 Hazelcrest Park,Adaptive didactic hub,Sales,"Bednar, Spencer and Sanford",Mexico,revolutionize visionary mindshare
214,Candace,Sambrok,csambrok5x@topsy.com,澄泓,1/13/2021,22 Milwaukee Parkway,Digitized systemic productivity,Marketing,Predovic Group,Ukraine,syndicate best-of-breed action-items
215,Waylen,Sturridge,wsturridge5y@ca.gov,韵寒,11/26/2020,0 Superior Plaza,Universal impactful ability,Engineering,"Bednar, Aufderhar and Friesen",Czech Republic,aggregate enterprise synergies
216,Manuel,Mazzei,mmazzei5z@prlog.org,永鑫,7/3/2020,52 Algoma Park,Profound next generation challenge,Services,Crona-Moen,Poland,repurpose cutting-edge applications
217,Anastasia,Fiveash,afiveash60@drupal.org,俊泽,9/23/2020,4698 Dapin Plaza,Ergonomic analyzing infrastructure,Accounting,Greenholt LLC,Peru,integrate enterprise content
218,Jemmy,Poyner,jpoyner61@google.co.jp,慧妍,5/18/2020,704 North Parkway,Streamlined asymmetric infrastructure,Product Management,Ledner-Swaniawski,Thailand,brand interactive e-markets
219,Dale,Bride,dbride62@bandcamp.com,孜绍,11/29/2020,01279 Cherokee Plaza,Centralized 5th generation service-desk,Training,"Heidenreich, Davis and Orn",Macedonia,morph sticky technologies
220,Jo-anne,Elks,jelks63@msu.edu,琪煜,3/20/2020,471 Surrey Trail,Extended non-volatile project,Training,"Wiza, D'Amore and Jenkins",Indonesia,unleash bricks-and-clicks relationships
221,Alfreda,Ferrandez,aferrandez64@symantec.com,茹雪,2/9/2021,57868 Michigan Pass,Profound content-based methodology,Marketing,"Strosin, Mosciski and Cremin",South Africa,benchmark transparent action-items
222,Guthry,Brisley,gbrisley65@linkedin.com,松源,5/11/2020,53 Londonderry Parkway,Distributed didactic moderator,Training,"Sauer, Moen and Bogisich",China,aggregate one-to-one portals
223,Fabien,Lugton,flugton66@lulu.com,琪煜,12/5/2020,603 Dorton Avenue,Up-sized high-level customer loyalty,Legal,Braun-Nader,China,embrace compelling solutions
224,Carmen,Janas,cjanas67@princeton.edu,明美,11/9/2020,931 Express Plaza,Multi-layered user-facing process improvement,Accounting,"Lebsack, Boyer and Jerde",China,incentivize robust web services
225,Filippo,Kabos,fkabos68@slashdot.org,婧琪,1/26/2021,0 Melrose Drive,Stand-alone web-enabled intranet,Engineering,"Schmeler, Hudson and Schulist",China,aggregate front-end vortals
226,Sioux,Camellini,scamellini69@creativecommons.org,雨萌,7/21/2020,0 Almo Street,Re-contextualized reciprocal implementation,Engineering,"Greenholt, Lesch and Zboncak",Malaysia,innovate enterprise initiatives
227,Anthea,Upson,aupson6a@hud.gov,海程,2/17/2021,3 Florence Park,Optional bifurcated project,Marketing,Gottlieb-Beier,Philippines,syndicate bleeding-edge metrics
228,Ivett,Hick,ihick6b@buzzfeed.com,尹智,2/24/2021,618 Spenser Point,Profound zero tolerance database,Legal,Mann LLC,Qatar,facilitate rich bandwidth
229,Olwen,Artist,oartist6c@t-online.de,睿杰,8/30/2020,747 Holy Cross Center,Realigned upward-trending access,Business Development,"Erdman, Kunze and Quitzon",Russia,incentivize rich networks
230,Carey,Vanini,cvanini6d@ed.gov,梓彤,5/5/2020,4 Westport Plaza,Mandatory didactic open architecture,Human Resources,McLaughlin Group,Chile,repurpose real-time synergies
231,Ase,Baldocci,abaldocci6e@people.com.cn,笑薇,3/2/2021,23 Cambridge Court,Extended needs-based concept,Accounting,"Wunsch, Collins and Osinski",Russia,envisioneer customized partnerships
232,Rosene,Brehat,rbrehat6f@nps.gov,思宇,3/9/2021,876 Dennis Terrace,Profit-focused client-server database,Business Development,Gislason-Weissnat,Indonesia,seize out-of-the-box technologies
233,Persis,Eversfield,peversfield6g@jalbum.net,笑薇,7/28/2020,9823 Holmberg Center,Reduced mobile budgetary management,Product Management,"Becker, Greenholt and Homenick",Philippines,unleash web-enabled e-services
234,Clayborne,Whittington,cwhittington6h@parallels.com,睿杰,8/27/2020,7854 Loftsgordon Place,Fundamental upward-trending adapter,Sales,"Mann, Hintz and Runolfsson",France,expedite vertical partnerships
235,Daryl,Stamps,dstamps6i@smugmug.com,剑波,11/6/2020,5 Rockefeller Park,Fully-configurable foreground benchmark,Engineering,West-Mertz,China,envisioneer wireless methodologies
236,Herminia,Flaverty,hflaverty6j@netvibes.com,俞凯,10/15/2020,1093 Jay Plaza,Diverse mobile conglomeration,Accounting,Kessler-Corkery,Portugal,incubate ubiquitous paradigms
237,Darryl,Workes,dworkes6k@gizmodo.com,龙胜,12/21/2020,5 Badeau Road,Inverse eco-centric policy,Legal,Casper-Blick,Indonesia,synergize bricks-and-clicks metrics
238,Jasmine,Wilderspoon,jwilderspoon6l@wordpress.org,玺越,8/24/2020,5 Blue Bill Park Park,Business-focused static access,Engineering,Hayes-Russel,Kazakhstan,orchestrate distributed mindshare
239,Rosanne,Brame,rbrame6m@howstuffworks.com,雨婷,5/21/2020,3 Bultman Street,Intuitive disintermediate attitude,Business Development,Kassulke LLC,South Africa,innovate bleeding-edge e-tailers
240,Iorgos,Lemmer,ilemmer6n@zdnet.com,博豪,6/28/2020,64207 Lighthouse Bay Drive,Seamless cohesive product,Human Resources,Bradtke-Bergnaum,Poland,facilitate global methodologies
241,Alanah,MacIllrick,amacillrick6o@wordpress.com,彦军,3/2/2021,1 Onsgard Way,Triple-buffered eco-centric time-frame,Research and Development,"Pfeffer, Romaguera and Cormier",United States,incentivize compelling bandwidth
242,Burgess,Volette,bvolette6p@umich.edu,浩成,11/10/2020,0 Dexter Hill,Right-sized composite analyzer,Marketing,Huels-Wehner,Belarus,cultivate strategic supply-chains
243,Ruttger,Cheales,rcheales6q@cbc.ca,怡香,3/31/2020,38219 Pennsylvania Center,Triple-buffered object-oriented migration,Research and Development,Turner LLC,Indonesia,aggregate world-class e-tailers
244,Harlie,Halversen,hhalversen6r@admin.ch,浩霖,8/28/2020,789 1st Circle,Horizontal 6th generation interface,Legal,Bauch and Sons,Afghanistan,reinvent 24/7 experiences
245,Aloysius,Paige,apaige6s@storify.com,钰彤,5/3/2020,5 Jenna Lane,Multi-layered human-resource matrices,Marketing,Collier LLC,Netherlands,implement 24/365 supply-chains
246,Jarrod,Gaddesby,jgaddesby6t@phoca.cz,博豪,7/13/2020,1539 Hauk Crossing,Adaptive encompassing middleware,Research and Development,"Kris, Leuschke and Legros",United States,strategize cross-media users
247,Timmie,Foli,tfoli6u@smh.com.au,雪怡,12/27/2020,41482 Lillian Place,Organic 24 hour methodology,Legal,Bernhard-Larson,Portugal,envisioneer synergistic synergies
248,Susann,Windaybank,swindaybank6v@wufoo.com,晓烽,1/6/2021,60 Fieldstone Street,Function-based full-range toolset,Human Resources,Sporer-Kohler,Indonesia,productize cutting-edge synergies
249,Chrysler,Fitch,cfitch6w@reuters.com,睿杰,6/16/2020,637 Shopko Place,Digitized executive complexity,Product Management,Walter LLC,Kazakhstan,mesh world-class experiences
250,Emlen,Broadberrie,ebroadberrie6x@epa.gov,佐仪,8/2/2020,03442 Maple Wood Center,Optimized demand-driven matrices,Services,Mills-Kuphal,Tunisia,enhance frictionless platforms
251,Morry,Yeskov,myeskov6y@nymag.com,莉姿,1/27/2021,56586 Sycamore Trail,Exclusive bi-directional extranet,Training,Beatty Inc,Philippines,architect scalable markets
252,Brittany,Witcombe,bwitcombe6z@census.gov,晓晴,1/14/2021,9407 Nancy Plaza,Horizontal executive leverage,Human Resources,Wilderman LLC,China,scale B2C bandwidth
253,Ainslie,Durnall,adurnall70@utexas.edu,宸赫,6/18/2020,43980 Sundown Point,Managed tangible analyzer,Accounting,Ruecker and Sons,Lebanon,aggregate enterprise experiences
254,Tera,Flowerdew,tflowerdew71@spiegel.de,博豪,1/9/2021,228 Nelson Way,Proactive discrete task-force,Training,Considine-Quigley,China,target robust initiatives
255,Lorrie,Matthius,lmatthius72@rambler.ru,静香,1/4/2021,08 Bunting Avenue,Robust logistical synergy,Accounting,Haley Inc,China,brand end-to-end e-commerce
256,Blake,Crowdace,bcrowdace73@bing.com,晧宇,7/29/2020,93342 Lillian Parkway,Secured asynchronous emulation,Training,"Ritchie, Bashirian and Ritchie",Indonesia,synergize mission-critical channels
257,Augusta,Philippson,aphilippson74@github.io,怡香,8/9/2020,22 Sunnyside Court,Re-engineered 5th generation benchmark,Human Resources,"Nitzsche, Pacocha and Maggio",China,aggregate proactive technologies
258,Mycah,Gurney,mgurney75@cnbc.com,雨婷,5/5/2020,47 Summer Ridge Avenue,Profound content-based challenge,Training,Hane-Wilkinson,North Korea,scale front-end architectures
259,Lynette,Denecamp,ldenecamp76@amazon.co.uk,俊誉,1/10/2021,2921 Moose Terrace,Exclusive multimedia frame,Services,Weimann LLC,El Salvador,productize bricks-and-clicks synergies
260,Adaline,Adne,aadne77@youtube.com,轩硕,12/25/2020,53010 Clyde Gallagher Crossing,User-centric explicit algorithm,Research and Development,Larkin-Leuschke,Indonesia,engage value-added metrics
261,Teddie,Knapper,tknapper78@usatoday.com,秉皓,5/15/2020,0803 Sherman Lane,Up-sized optimizing complexity,Legal,King LLC,Dominican Republic,drive web-enabled technologies
262,Torey,Coltart,tcoltart79@canalblog.com,莉姿,6/20/2020,4 Clove Terrace,Centralized national Graphic Interface,Support,Corwin Group,Czech Republic,enable web-enabled portals
263,Kiel,Lyford,klyford7a@hubpages.com,海程,11/3/2020,93132 Algoma Terrace,User-friendly logistical encryption,Human Resources,Ernser Inc,Russia,generate B2C supply-chains
264,Earvin,Balcock,ebalcock7b@squarespace.com,宸赫,4/14/2020,191 Ridge Oak Road,Customer-focused systemic emulation,Services,"DuBuque, Morissette and Davis",Jordan,utilize bricks-and-clicks web-readiness
265,Raimondo,Primrose,rprimrose7c@slideshare.net,怡香,4/16/2020,2 Stuart Street,Fully-configurable secondary flexibility,Legal,DuBuque-Rath,Mexico,scale magnetic supply-chains
266,Griff,McLinden,gmclinden7d@amazon.co.uk,俊誉,4/30/2020,84 American Ash Court,Optimized heuristic website,Accounting,"Langosh, Lakin and Treutel",Portugal,maximize strategic content
267,Ivory,Kingzeth,ikingzeth7e@dailymotion.com,璟雯,5/25/2020,36 Arapahoe Alley,Mandatory attitude-oriented attitude,Business Development,"Marvin, Jacobs and Gleichner",Kosovo,seize user-centric systems
268,Fredrick,Donwell,fdonwell7f@ftc.gov,思翰,1/18/2021,34413 Norway Maple Park,Horizontal local framework,Services,Kulas Group,United States,incubate world-class deliverables
269,Kristi,Benedek,kbenedek7g@yolasite.com,远帆,8/16/2020,77853 Carey Circle,Vision-oriented encompassing solution,Marketing,"Rutherford, O'Kon and Daniel",Peru,e-enable holistic functionalities
270,Ronalda,Dowbekin,rdowbekin7h@fc2.com,孜绍,6/15/2020,45002 Sauthoff Way,Distributed bottom-line architecture,Human Resources,"Feeney, Corkery and Lubowitz",Finland,maximize efficient infomediaries
271,Dov,Grinnikov,dgrinnikov7i@networksolutions.com,轩硕,10/18/2020,18 Monterey Pass,Multi-tiered regional installation,Sales,Feil LLC,China,strategize visionary ROI
272,Johann,Tixier,jtixier7j@theatlantic.com,宸瑜,9/25/2020,96 Union Lane,User-friendly zero defect intranet,Support,Lynch-Schinner,Philippines,synthesize user-centric e-services
273,Fredia,Attwood,fattwood7k@pbs.org,云哲,5/7/2020,9 Colorado Alley,Managed fault-tolerant frame,Accounting,"Breitenberg, Reynolds and Veum",South Africa,target dynamic bandwidth
274,Fabien,Melson,fmelson7l@mac.com,秉皓,6/7/2020,84 Chinook Street,Optimized grid-enabled leverage,Support,"Aufderhar, Mosciski and Nicolas",Philippines,extend viral channels
275,Richie,Alexandersson,ralexandersson7m@unc.edu,月婵,1/31/2021,26 Coolidge Junction,User-friendly disintermediate hierarchy,Engineering,Welch Inc,Finland,facilitate 24/7 content
276,Ivette,Georghiou,igeorghiou7n@apple.com,明美,7/6/2020,37 Schiller Hill,Future-proofed zero defect installation,Product Management,Medhurst and Sons,United States,leverage real-time paradigms
277,Dore,Kenworthy,dkenworthy7o@reuters.com,梓焓,9/22/2020,9692 Hansons Hill,De-engineered scalable core,Business Development,"Miller, Haag and Mayert",Russia,morph bleeding-edge metrics
278,Verene,McManamon,vmcmanamon7p@yale.edu,冠希,2/7/2021,700 Farwell Lane,Pre-emptive asymmetric application,Marketing,"Feil, Greenholt and Larkin",France,brand one-to-one initiatives
279,Tiphanie,Jarvis,tjarvis7q@netlog.com,宸瑜,3/9/2021,2966 Crownhardt Street,Business-focused zero tolerance neural-net,Sales,Kiehn-Barton,Malaysia,implement sticky mindshare
280,Lowrance,Newgrosh,lnewgrosh7r@jimdo.com,梦洁,6/26/2020,98 Johnson Street,Vision-oriented discrete circuit,Accounting,McLaughlin-Feest,Poland,engage mission-critical e-business
281,Felipe,Stickford,fstickford7s@reddit.com,鑫蕾,3/29/2020,87 Memorial Junction,Managed scalable help-desk,Engineering,Bauch-Medhurst,Indonesia,streamline web-enabled e-tailers
282,Helaina,Udden,hudden7t@independent.co.uk,俊誉,12/18/2020,74926 Bowman Pass,Realigned background benchmark,Marketing,Renner-Ritchie,Macedonia,enhance leading-edge models
283,Kiah,Chisnall,kchisnall7u@nhs.uk,睿杰,8/14/2020,04515 Lighthouse Bay Parkway,Face to face real-time superstructure,Support,Emard-Leuschke,South Korea,enhance back-end methodologies
284,Iris,Milley,imilley7v@fda.gov,梓彤,3/5/2021,0 Porter Center,Synergized optimizing interface,Business Development,Ritchie Inc,Indonesia,deliver B2B functionalities
285,Carlynn,Worling,cworling7w@privacy.gov.au,尹智,10/16/2020,9446 Fair Oaks Way,Object-based reciprocal superstructure,Training,Bosco-Larson,United States,grow viral web-readiness
286,Warner,Petrello,wpetrello7x@devhub.com,若瑾,9/8/2020,609 Leroy Road,Fundamental non-volatile customer loyalty,Legal,Kutch LLC,Brazil,envisioneer e-business infomediaries
287,Maudie,Choffin,mchoffin7y@webmd.com,俊泽,9/24/2020,54759 Roth Alley,Optimized composite ability,Services,O'Keefe Inc,Bahamas,leverage ubiquitous relationships
288,Stefanie,Kevlin,skevlin7z@live.com,俞凯,6/3/2020,09 Hagan Drive,Profit-focused client-server throughput,Engineering,Schuster Group,Yemen,deliver virtual web services
289,Lennard,von Grollmann,lvongrollmann80@china.com.cn,银含,12/10/2020,649 Kropf Circle,Assimilated multi-state synergy,Legal,Weissnat Group,United States,benchmark intuitive convergence
290,Terrijo,Boig,tboig81@walmart.com,思宇,6/12/2020,282 Katie Alley,Digitized didactic toolset,Support,"Mayert, Kuhn and Konopelski",Dominican Republic,evolve interactive solutions
291,Amandi,Beecheno,abeecheno82@umich.edu,雪丽,8/28/2020,269 Cherokee Terrace,Enhanced non-volatile hub,Accounting,Erdman Inc,Indonesia,repurpose viral convergence
292,Marcelo,Killingbeck,mkillingbeck83@apache.org,琪煜,9/4/2020,50041 Hoepker Parkway,Fundamental multi-state solution,Sales,"Larson, Lowe and Roob",Portugal,architect B2B initiatives
293,Wenonah,Troman,wtroman84@bbb.org,伟菘,11/8/2020,99618 Crownhardt Center,Triple-buffered tertiary portal,Research and Development,Vandervort Group,Portugal,deploy strategic architectures
294,Layla,Eminson,leminson85@wired.com,秩选,10/6/2020,890 Vermont Point,Cross-group reciprocal alliance,Engineering,"Rippin, Harvey and Ortiz",Indonesia,deploy proactive infomediaries
295,Skippy,Hargroves,shargroves86@unblog.fr,丰逸,3/29/2020,08602 Thompson Center,Front-line leading edge matrix,Research and Development,Howell LLC,United Kingdom,harness vertical communities
296,Lana,Smorthit,lsmorthit87@epa.gov,俞凯,8/10/2020,4 Orin Junction,Decentralized incremental middleware,Business Development,Howe-Champlin,Sweden,unleash cross-platform portals
297,Arabele,Lilleman,alilleman88@histats.com,晓烽,11/3/2020,32 Lillian Alley,Robust eco-centric extranet,Product Management,"Ferry, Hermiston and Lindgren",China,morph sexy markets
298,Ronni,Veart,rveart89@sbwire.com,烨伟,10/11/2020,25836 Birchwood Pass,Inverse contextually-based ability,Services,Beahan-Hoeger,Russia,productize customized content
299,Marcellus,Skitt,mskitt8a@cmu.edu,玺越,7/27/2020,024 Chinook Center,Distributed 5th generation paradigm,Services,Kessler-Wisoky,Czech Republic,disintermediate world-class models
300,Katharina,Kiezler,kkiezler8b@1688.com,宸瑜,11/8/2020,6990 Graedel Road,Streamlined optimal functionalities,Product Management,Beer-Romaguera,Georgia,disintermediate cross-platform paradigms
301,Ronnie,Leyban,rleyban8c@networksolutions.com,宸赫,11/24/2020,630 Donald Place,Cross-platform motivating hub,Engineering,"Schimmel, Gulgowski and Okuneva",France,implement impactful networks
302,Marj,Jocic,mjocic8d@cyberchimps.com,博豪,1/15/2021,8 Upham Way,Profit-focused didactic algorithm,Training,"Ratke, Wintheiser and Kassulke",France,deliver efficient channels
303,Rosalinda,Morbey,rmorbey8e@boston.com,怡香,12/14/2020,2 Montana Center,Up-sized cohesive solution,Marketing,"Bogan, Wiegand and Douglas",China,utilize cutting-edge channels
304,Danyelle,Degg,ddegg8f@businessweek.com,月松,10/7/2020,356 Dawn Avenue,Face to face 6th generation matrices,Marketing,"Keeling, Zemlak and Kuhn",Brazil,drive clicks-and-mortar technologies
305,Rodger,Poag,rpoag8g@tinypic.com,泽瀚,1/30/2021,2 Golf Course Street,Persistent actuating complexity,Services,Fisher-Lebsack,Indonesia,recontextualize vertical interfaces
306,Kalil,Comazzo,kcomazzo8h@go.com,婧琪,4/17/2020,5 Kipling Circle,Profit-focused bi-directional groupware,Business Development,Gusikowski-Adams,Cuba,reintermediate world-class vortals
307,Dulcia,M'Chirrie,dmchirrie8i@cam.ac.uk,远帆,7/16/2020,5384 Forster Park,Devolved intermediate paradigm,Support,Gleason-Harber,Poland,recontextualize synergistic architectures
308,Lonnie,Ratcliff,lratcliff8j@patch.com,博裕,9/18/2020,7380 Red Cloud Center,Future-proofed local productivity,Accounting,Dietrich Inc,Russia,generate holistic web services
309,Kirby,Fansy,kfansy8k@nhs.uk,雨萌,9/26/2020,8270 Texas Court,Quality-focused leading edge paradigm,Legal,"Schneider, Morissette and Harber",Philippines,transition wireless action-items
310,Joann,MacCarter,jmaccarter8l@canalblog.com,若瑾,8/28/2020,3699 Esker Hill,Synergized leading edge synergy,Accounting,"Crist, Armstrong and Lowe",Brazil,productize efficient schemas
311,Spence,Harbin,sharbin8m@paypal.com,亦涵,8/13/2020,29375 Northwestern Pass,Public-key systematic Graphical User Interface,Engineering,Dach-Cassin,Indonesia,visualize strategic web-readiness
312,Floyd,Maffioni,fmaffioni8n@who.int,剑波,11/25/2020,85 Luster Trail,Vision-oriented dedicated hierarchy,Services,Deckow-Runte,China,aggregate cross-platform paradigms
313,Nat,Grenter,ngrenter8o@chicagotribune.com,伟菘,7/10/2020,5 Quincy Terrace,Optional eco-centric database,Services,Toy-Haley,Mexico,reinvent magnetic web services
314,Moshe,Hindenberger,mhindenberger8p@cnbc.com,浩成,7/29/2020,5 Di Loreto Pass,Cloned real-time encryption,Business Development,"Heidenreich, Gaylord and Jacobson",Brazil,revolutionize best-of-breed action-items
315,Haskell,Daudray,hdaudray8q@prlog.org,宸瑜,8/17/2020,73 Loftsgordon Point,Multi-layered encompassing info-mediaries,Training,Keebler Group,China,streamline integrated functionalities
316,Edan,Harrowing,eharrowing8r@booking.com,秩选,7/29/2020,5474 Bunker Hill Center,Fully-configurable interactive internet solution,Legal,"Pagac, Pacocha and Hansen",China,streamline distributed channels
317,Dacie,Kirsopp,dkirsopp8s@va.gov,银涵,11/4/2020,186 South Street,Robust bottom-line data-warehouse,Product Management,Morissette LLC,South Africa,visualize impactful vortals
318,Dionis,Dowzell,ddowzell8t@ibm.com,琪煜,10/14/2020,56754 Meadow Vale Circle,Robust discrete extranet,Marketing,Raynor-Dickinson,Russia,streamline frictionless bandwidth
319,Cami,Harrismith,charrismith8u@phoca.cz,宇涵,5/24/2020,9809 Carioca Avenue,Organic next generation process improvement,Support,Gerlach-Lockman,Colombia,synergize bricks-and-clicks niches
320,Brianna,Govern,bgovern8v@infoseek.co.jp,思宇,10/2/2020,276 Charing Cross Lane,Cloned upward-trending capacity,Support,Runte-Boyle,China,aggregate mission-critical models
321,Gaelan,Huggin,ghuggin8w@networksolutions.com,泽瀚,4/24/2020,268 Northland Alley,Centralized local service-desk,Legal,Lemke-Hermiston,Uruguay,visualize web-enabled models
322,Court,Medley,cmedley8x@thetimes.co.uk,辰华,6/28/2020,40026 Dayton Trail,Pre-emptive optimizing service-desk,Legal,Walker Group,Russia,synergize dynamic e-markets
323,Jack,Head,jhead8y@ifeng.com,宸瑜,7/13/2020,3193 Brickson Park Trail,Persevering heuristic database,Training,"Ward, King and Lockman",China,iterate proactive web-readiness
324,Berri,Timmermann,btimmermann8z@blogger.com,伟菘,5/27/2020,03281 Lake View Pass,Upgradable tertiary hub,Services,Lakin-Kling,China,morph granular convergence
325,Carlita,Gummow,cgummow90@g.co,博豪,3/23/2020,809 Stoughton Plaza,Pre-emptive non-volatile standardization,Legal,Marquardt-Harris,China,morph bricks-and-clicks functionalities
326,Helenelizabeth,Fenners,hfenners91@yale.edu,芮涵,6/12/2020,55 Sunfield Alley,Right-sized logistical system engine,Accounting,Hickle Inc,Peru,transition viral eyeballs
327,Christal,Downage,cdownage92@hatena.ne.jp,银含,7/8/2020,12358 Mosinee Circle,Optimized multi-tasking synergy,Engineering,Mosciski-Grant,China,extend proactive solutions
328,Tansy,Brigginshaw,tbrigginshaw93@1und1.de,伟菘,4/2/2020,279 Dexter Pass,Compatible mobile contingency,Marketing,Cassin and Sons,Poland,enhance world-class deliverables
329,Lynea,Worg,lworg94@unc.edu,梦洁,1/28/2021,60176 Myrtle Hill,Digitized disintermediate website,Training,Steuber-Mohr,Palestinian Territory,engineer value-added channels
330,Hetty,Kloser,hkloser95@jigsy.com,清凌,7/2/2020,309 Grayhawk Parkway,Fundamental actuating matrix,Human Resources,Runolfsson LLC,Democratic Republic of the Congo,aggregate extensible synergies
331,Raquela,Eastwell,reastwell96@wunderground.com,婧涵,4/16/2020,96 Fairfield Hill,Self-enabling reciprocal core,Business Development,Gutkowski and Sons,Poland,harness e-business solutions
332,Ashlen,Hollingsbee,ahollingsbee97@naver.com,清凌,1/13/2021,0 Ohio Plaza,Pre-emptive empowering open system,Business Development,Schamberger-O'Reilly,Russia,extend value-added markets
333,Coral,Huxham,chuxham98@people.com.cn,美莲,5/1/2020,00 Northport Alley,Front-line uniform initiative,Human Resources,"Schoen, Rau and Johnston",Indonesia,extend collaborative systems
334,Willie,Kitchener,wkitchener99@tumblr.com,梦洁,7/4/2020,4 Muir Pass,Optional mobile success,Human Resources,Windler and Sons,Mali,harness rich web services
335,Delores,McBeath,dmcbeath9a@state.gov,辰华,9/3/2020,2 Marquette Street,Secured 24 hour local area network,Training,O'Kon-Rau,France,engineer compelling supply-chains
336,Dale,O'Duilleain,doduilleain9b@constantcontact.com,依娜,1/5/2021,63993 Drewry Trail,User-friendly 6th generation open system,Business Development,Erdman Inc,Mongolia,transition open-source web-readiness
337,Sherill,Bills,sbills9c@zimbio.com,慧妍,2/9/2021,9 Mccormick Pass,Distributed optimal forecast,Engineering,Hoppe-Christiansen,Sweden,transform B2C content
338,Fionnula,Scrowby,fscrowby9d@php.net,皓睿,2/13/2021,29751 Spaight Crossing,Synchronised discrete Graphic Interface,Sales,"Rowe, Kshlerin and Stark",Indonesia,iterate open-source convergence
339,Zoe,Sedgemore,zsedgemore9e@google.pl,哲恒,6/24/2020,510 Rigney Hill,Advanced empowering process improvement,Research and Development,Cassin and Sons,Antigua and Barbuda,disintermediate turn-key web services
340,Gregorius,Fetherstone,gfetherstone9f@blogspot.com,昱漳,6/16/2020,79415 Morrow Way,Secured regional system engine,Engineering,Gutkowski Inc,Brazil,brand integrated communities
341,Gardener,Cellone,gcellone9g@latimes.com,品逸,12/25/2020,69 Grasskamp Plaza,Profit-focused responsive methodology,Human Resources,"Hegmann, Hettinger and Schowalter",China,target bricks-and-clicks web services
342,Claiborn,Kneel,ckneel9h@washingtonpost.com,钰彤,5/23/2020,4670 Dennis Trail,Phased directional software,Research and Development,Wuckert-Sipes,Russia,morph frictionless bandwidth
343,Goober,Bickmore,gbickmore9i@constantcontact.com,静香,10/14/2020,7 Prairieview Parkway,Automated local archive,Engineering,West Inc,China,recontextualize enterprise e-services
344,Betteanne,O'Flaverty,boflaverty9j@theglobeandmail.com,宸瑜,10/14/2020,7 Cardinal Pass,Fundamental transitional migration,Services,Schuppe-Wyman,Indonesia,utilize virtual communities
345,Lizette,Ellerker,lellerker9k@lulu.com,琪煜,9/30/2020,99 Prentice Court,Operative transitional pricing structure,Marketing,Bailey LLC,Portugal,synthesize B2B e-services
346,Templeton,Godfrey,tgodfrey9l@gnu.org,培安,11/9/2020,10 Armistice Avenue,Synergized contextually-based benchmark,Services,Spencer-Murazik,Venezuela,visualize open-source architectures
347,Durant,Mapson,dmapson9m@linkedin.com,芮涵,8/21/2020,3183 Sheridan Court,Right-sized 24/7 project,Training,Predovic-Goyette,Greece,cultivate back-end synergies
348,Catarina,Rittmeyer,crittmeyer9n@tmall.com,香茹,8/4/2020,24 Manitowish Circle,Synergistic stable knowledge base,Training,Daugherty LLC,Peru,redefine dynamic supply-chains
349,Freida,Pinnere,fpinnere9o@si.edu,思宏,5/12/2020,2911 Hazelcrest Pass,Balanced actuating knowledge user,Support,Walker-Stehr,Indonesia,synthesize extensible e-markets
350,Prentice,Wones,pwones9p@flickr.com,凰羽,9/25/2020,3 Aberg Plaza,Multi-lateral incremental throughput,Marketing,Schuster LLC,Poland,embrace turn-key convergence
351,Timoteo,Eliasen,teliasen9q@mlb.com,博豪,11/30/2020,78 Schiller Place,Programmable bifurcated encoding,Sales,"Hirthe, Marks and Mueller",United States,seize clicks-and-mortar technologies
352,Giulio,Pinyon,gpinyon9r@nydailynews.com,展博,1/7/2021,116 Cardinal Place,Optimized regional framework,Sales,"Ruecker, Dibbert and Wilderman",Indonesia,repurpose plug-and-play schemas
353,Eda,Peterffy,epeterffy9s@wikia.com,展博,4/20/2020,7599 Hintze Center,Customizable bandwidth-monitored infrastructure,Engineering,Bogan-Braun,China,exploit revolutionary web services
354,Bryn,Berzin,bberzin9t@gnu.org,慧妍,8/11/2020,488 Gerald Road,Profound executive infrastructure,Training,Macejkovic Inc,Russia,monetize real-time experiences
355,Dido,Pockey,dpockey9u@spotify.com,鑫蕾,4/14/2020,13260 Dunning Terrace,Cloned scalable process improvement,Research and Development,Dibbert and Sons,Russia,engineer plug-and-play technologies
356,Jeanna,Beckingham,jbeckingham9v@bing.com,浩霖,10/18/2020,8918 La Follette Plaza,Front-line intermediate standardization,Engineering,Franecki LLC,China,evolve global solutions
357,Pamella,Jubert,pjubert9w@shinystat.com,志宸,2/14/2021,5076 Fairfield Way,Networked background parallelism,Sales,"Halvorson, Schinner and Bayer",United States,streamline dynamic metrics
358,Levy,Hardaker,lhardaker9x@seesaa.net,宸瑜,9/8/2020,702 Walton Alley,Persevering zero administration artificial intelligence,Accounting,Schuppe LLC,Peru,empower transparent e-markets
359,Ag,Ganiford,aganiford9y@theatlantic.com,亦涵,6/19/2020,82025 Cherokee Drive,Vision-oriented bottom-line analyzer,Engineering,Friesen Group,Turkmenistan,engage synergistic users
360,Caroline,Gaisford,cgaisford9z@blogtalkradio.com,崇杉,9/10/2020,5835 Corscot Parkway,Stand-alone heuristic time-frame,Product Management,"Zulauf, Pouros and Thiel",Indonesia,synergize end-to-end metrics
361,Malynda,Halbord,mhalborda0@opera.com,漫妮,9/16/2020,74 Chinook Alley,Up-sized impactful throughput,Services,Mueller-Haag,Portugal,drive value-added e-services
362,Khalil,Feldstern,kfeldsterna1@google.cn,梦婷,4/12/2020,5756 Moulton Alley,Multi-tiered mobile software,Business Development,Stehr Inc,Indonesia,mesh customized web services
363,Chrystel,O'Breen,cobreena2@netlog.com,孜绍,2/10/2021,1714 Scoville Avenue,Persistent full-range definition,Product Management,Gerlach and Sons,Indonesia,optimize 24/365 paradigms
364,Giles,Billyard,gbillyarda3@cargocollective.com,松源,11/1/2020,841 Lakewood Gardens Alley,Monitored responsive monitoring,Business Development,"Kertzmann, Goodwin and Aufderhar",Colombia,scale enterprise portals
365,Dominique,Yaus,dyausa4@behance.net,博豪,3/12/2020,03 Dahle Hill,Persistent multi-state projection,Sales,Ferry Inc,China,enhance holistic metrics
366,Benjie,Lantaph,blantapha5@lulu.com,依娜,8/10/2020,4329 Ridgeway Pass,Multi-lateral directional projection,Marketing,Dietrich-Douglas,Sweden,deliver B2B web-readiness
367,Sarette,Snoxell,ssnoxella6@deliciousdays.com,晓晴,8/7/2020,60957 Spaight Plaza,Inverse attitude-oriented strategy,Business Development,Mueller-Herman,Zimbabwe,harness virtual experiences
368,Dolph,Lorent,dlorenta7@discuz.net,钰彤,9/25/2020,0 Fulton Hill,Customer-focused background contingency,Legal,"Corwin, Hermiston and Schuppe",Czech Republic,incentivize strategic networks
369,Hewie,Kubasek,hkubaseka8@nps.gov,永鑫,9/8/2020,96 Vermont Center,Cross-group fault-tolerant internet solution,Business Development,Bayer and Sons,France,incentivize efficient portals
370,Nanon,Croydon,ncroydona9@toplist.cz,正梅,6/19/2020,7 Sullivan Street,Synergistic zero tolerance info-mediaries,Human Resources,"Gottlieb, Wolff and Howe",Indonesia,target clicks-and-mortar web services
371,Sheri,Featherstone,sfeatherstoneaa@cpanel.net,明美,11/8/2020,496 Quincy Parkway,Synchronised interactive artificial intelligence,Services,"Collins, Wyman and Beatty",Kazakhstan,unleash strategic supply-chains
372,Kristan,Harhoff,kharhoffab@time.com,冠泽,3/5/2021,47011 Leroy Road,Down-sized hybrid hardware,Research and Development,"Lehner, Simonis and Kassulke",Indonesia,transition B2B users
373,Rachele,Chisholme,rchisholmeac@people.com.cn,晓晴,3/7/2021,2 Surrey Junction,Advanced human-resource capacity,Legal,"Carroll, Kuhic and Johnston",Russia,e-enable frictionless e-business
374,Cyrus,Mildenhall,cmildenhallad@blogs.com,尹智,11/11/2020,4637 Monica Road,Profit-focused web-enabled internet solution,Legal,"Price, Mosciski and Beier",Peru,innovate 24/365 eyeballs
375,Abrahan,Begley,abegleyae@jiathis.com,芮涵,7/30/2020,6192 Bartelt Junction,Customizable logistical focus group,Business Development,"Beatty, Schimmel and Champlin",Cyprus,orchestrate e-business models
376,Donovan,Minelli,dminelliaf@plala.or.jp,彦军,8/11/2020,73 Lyons Junction,Upgradable global implementation,Business Development,"Windler, Jacobi and Wyman",Belarus,innovate visionary infrastructures
377,Evelyn,McKag,emckagag@is.gd,永鑫,4/29/2020,84626 Reindahl Point,Total directional attitude,Training,Runolfsson LLC,China,extend interactive networks
378,Helsa,Harme,hharmeah@hibu.com,伟菘,11/3/2020,8167 5th Junction,Profound executive capacity,Product Management,Dooley-Hand,Russia,synthesize leading-edge platforms
379,Crin,Hylton,chyltonai@columbia.edu,玺越,12/22/2020,0 Butternut Parkway,Fully-configurable hybrid info-mediaries,Research and Development,"Kulas, Murray and Rippin",Venezuela,drive enterprise supply-chains
380,Gage,Mathiot,gmathiotaj@unesco.org,海程,11/8/2020,16 Carioca Crossing,Networked non-volatile algorithm,Human Resources,"Mertz, Lubowitz and West",Russia,integrate back-end networks
381,Alasdair,Gergolet,agergoletak@archive.org,娅楠,4/16/2020,891 Clemons Alley,Team-oriented holistic process improvement,Training,Gutkowski-Pacocha,China,visualize global mindshare
382,Patten,Symper,psymperal@unc.edu,秩选,7/2/2020,8 Dennis Trail,Cloned 5th generation task-force,Support,Brakus Inc,Portugal,cultivate sexy web-readiness
383,Aretha,Bedrosian,abedrosianam@time.com,浩成,8/15/2020,89 Dunning Court,Future-proofed hybrid neural-net,Business Development,Cremin-Torphy,Germany,drive sticky bandwidth
384,Ara,McKinlay,amckinlayan@fda.gov,唯枫,6/21/2020,35 Gale Junction,Re-contextualized local forecast,Accounting,"Roberts, Botsford and Sipes",China,transform cross-platform platforms
385,Margaretha,Pickworth,mpickworthao@accuweather.com,雨嘉,3/11/2020,41 Melby Circle,Vision-oriented system-worthy orchestration,Engineering,"Treutel, Wisozk and Weber",Bosnia and Herzegovina,extend value-added portals
386,Burt,Brabant,bbrabantap@java.com,婧琪,5/1/2020,7482 Algoma Terrace,Realigned client-driven toolset,Accounting,Harber and Sons,Sweden,visualize viral functionalities
387,Karl,Shipway,kshipwayaq@webmd.com,婧涵,5/31/2020,610 Crest Line Court,Multi-tiered user-facing toolset,Human Resources,Rowe Inc,Philippines,whiteboard strategic bandwidth
388,Annissa,Cosgreave,acosgreavear@mediafire.com,美琳,1/5/2021,211 Barnett Lane,Cloned bandwidth-monitored info-mediaries,Human Resources,Keebler Group,Afghanistan,innovate B2B markets
389,Clayborn,Oxenbury,coxenburyas@utexas.edu,清凌,11/20/2020,5780 Quincy Terrace,Seamless human-resource website,Product Management,"Donnelly, Parisian and Altenwerth",Czech Republic,facilitate vertical e-tailers
390,Marigold,Mirralls,mmirrallsat@eventbrite.com,惠茜,7/4/2020,3068 Dayton Center,Multi-layered static protocol,Legal,Eichmann-Kerluke,France,empower 24/7 experiences
391,Weylin,Triebner,wtriebnerau@google.cn,若瑾,9/21/2020,798 Bowman Street,Versatile 24/7 monitoring,Services,Okuneva LLC,Japan,disintermediate compelling technologies
392,Ilene,Featherbie,ifeatherbieav@slideshare.net,展博,6/27/2020,161 Moulton Circle,Intuitive non-volatile concept,Training,Yundt-Barrows,Russia,enhance end-to-end initiatives
393,Gelya,Soutter,gsoutteraw@fastcompany.com,孜绍,3/9/2021,2 Sullivan Plaza,Cross-platform discrete service-desk,Business Development,Kertzmann Group,China,facilitate scalable e-markets
394,Odessa,L' Estrange,olestrangeax@dion.ne.jp,泰霖,12/31/2020,416 Morning Street,Balanced uniform help-desk,Training,"Quigley, Ernser and Bauch",Kosovo,monetize distributed functionalities
395,Sigfrid,Slaght,sslaghtay@prlog.org,俊誉,6/2/2020,322 Michigan Trail,Upgradable exuding complexity,Services,"Quitzon, Jones and Marquardt",Russia,e-enable extensible technologies
396,Lacee,Spriggs,lspriggsaz@blogtalkradio.com,淑颖,12/4/2020,7809 Leroy Center,User-friendly human-resource circuit,Services,Rolfson and Sons,Macedonia,streamline granular eyeballs
397,Eduard,Billson,ebillsonb0@icq.com,笑薇,1/3/2021,0930 Almo Pass,Synergistic multimedia concept,Accounting,"Rath, Kessler and Haag",France,innovate cross-platform relationships
398,Xavier,Gostick,xgostickb1@columbia.edu,雪怡,5/22/2020,89312 Shopko Place,Persistent exuding data-warehouse,Legal,"Schiller, Marks and Stiedemann",China,revolutionize customized e-markets
399,Lorant,Halden,lhaldenb2@networksolutions.com,尹智,6/20/2020,23621 East Place,Programmable multi-state Graphic Interface,Human Resources,Blick-Keeling,Czech Republic,evolve dot-com ROI
400,Edyth,Pheasant,epheasantb3@cmu.edu,玺越,4/8/2020,36 Dunning Hill,Visionary content-based productivity,Services,Reichert Inc,Canada,utilize granular interfaces
401,Hubey,Chastney,hchastneyb4@icio.us,宇涵,2/19/2021,76155 Jay Parkway,Exclusive incremental Graphical User Interface,Business Development,Reynolds-Stark,Brazil,reintermediate impactful action-items
402,Mitchel,Kenn,mkennb5@cbc.ca,宸瑜,3/7/2021,1 Summer Ridge Court,Team-oriented mission-critical matrices,Legal,Dietrich-Glover,Bulgaria,scale 24/365 schemas
403,Agace,Leat,aleatb6@java.com,梓焓,12/16/2020,427 American Ash Road,Visionary encompassing strategy,Human Resources,Walsh-Labadie,China,enable clicks-and-mortar architectures
404,Peggi,Bricham,pbrichamb7@cisco.com,雪丽,11/18/2020,019 Colorado Place,Persistent tertiary encryption,Human Resources,Larkin and Sons,Japan,expedite clicks-and-mortar portals
405,Kelley,Lyburn,klyburnb8@ask.com,宸瑜,2/23/2021,8 Hermina Court,Universal coherent service-desk,Accounting,"Cole, Rice and Kohler",Czech Republic,aggregate turn-key applications
406,Abraham,Clitheroe,aclitheroeb9@epa.gov,澄泓,1/20/2021,986 Red Cloud Avenue,Realigned coherent software,Marketing,Murray-Jakubowski,Philippines,deliver seamless convergence
407,Evaleen,Buffery,ebufferyba@ovh.net,龙胜,6/21/2020,24 Debs Court,Optional uniform installation,Product Management,Rippin-O'Reilly,Russia,evolve world-class web services
408,Caryn,Gordge,cgordgebb@wordpress.com,俊誉,7/7/2020,28 Melvin Pass,Self-enabling national hub,Product Management,"Nader, Boyer and Bednar",Brazil,iterate plug-and-play synergies
409,Chrisy,Albasini,calbasinibc@youku.com,宸瑜,6/11/2020,46213 Stang Drive,Fully-configurable 6th generation portal,Research and Development,Gusikowski and Sons,Czech Republic,benchmark ubiquitous solutions
410,Juliana,Bellinger,jbellingerbd@comcast.net,婧琪,6/13/2020,8574 Warner Point,Grass-roots context-sensitive artificial intelligence,Sales,"Kozey, Gleason and Cartwright",Ireland,seize one-to-one convergence
411,Alvira,Nolin,anolinbe@theguardian.com,晓晴,5/1/2020,248 Hollow Ridge Alley,Persevering human-resource archive,Legal,"Stamm, Volkman and Keebler",China,unleash cross-platform schemas
412,Dolph,Speedy,dspeedybf@howstuffworks.com,烨伟,5/23/2020,1 High Crossing Point,Enhanced client-driven pricing structure,Accounting,Durgan and Sons,China,visualize back-end initiatives
413,Vere,Lorraway,vlorrawaybg@delicious.com,俊誉,4/12/2020,6 Carpenter Parkway,Horizontal full-range productivity,Product Management,Howell-Batz,China,whiteboard dot-com technologies
414,Pall,Vardon,pvardonbh@wikispaces.com,鑫蕾,6/3/2020,90 Bartillon Crossing,Programmable zero administration groupware,Research and Development,O'Conner-Gibson,Indonesia,visualize intuitive architectures
415,Benni,Poge,bpogebi@cyberchimps.com,崇杉,6/15/2020,89 Valley Edge Junction,Devolved asymmetric support,Research and Development,"Connelly, Heathcote and Klocko",Colombia,strategize integrated users
416,Forrester,Dymond,fdymondbj@ihg.com,尚贤,7/29/2020,636 School Lane,Expanded grid-enabled groupware,Business Development,Mertz-Hartmann,Iran,reinvent customized e-markets
417,Ferd,Neaves,fneavesbk@sbwire.com,培安,5/7/2020,25 Lighthouse Bay Alley,Streamlined client-driven architecture,Engineering,Pouros-Kreiger,China,reinvent viral architectures
418,Jamey,Mishow,jmishowbl@mapy.cz,永鑫,5/25/2020,880 Everett Trail,Universal well-modulated archive,Human Resources,"Stracke, Armstrong and Kub",Malaysia,seize open-source e-business
419,Gaylene,Kamenar,gkamenarbm@marriott.com,雅芙,1/20/2021,5922 Stone Corner Lane,Reactive fresh-thinking circuit,Sales,"Kuvalis, Kiehn and Doyle",Mexico,harness cutting-edge systems
420,Aeriell,Bonnett,abonnettbn@plala.or.jp,孜绍,10/27/2020,149 Leroy Hill,Synergistic 24 hour knowledge base,Research and Development,"Ankunding, Borer and Langworth",Ivory Coast,facilitate collaborative communities
421,Jillane,McGown,jmcgownbo@arstechnica.com,伟菘,1/5/2021,11 Lien Avenue,Integrated bottom-line framework,Training,Sipes-Steuber,China,drive intuitive niches
422,Irita,Melburg,imelburgbp@storify.com,孜绍,7/1/2020,01437 Merrick Terrace,Switchable zero defect model,Training,Cummerata-Parisian,China,visualize visionary eyeballs
423,Devi,Hail,dhailbq@ning.com,晓烽,11/15/2020,1511 Manitowish Place,User-centric tangible architecture,Training,Powlowski and Sons,Albania,seize dynamic synergies
424,Walther,Martindale,wmartindalebr@icio.us,依娜,4/22/2020,7 Ohio Circle,Progressive scalable encoding,Accounting,"Parisian, Reichel and Dibbert",Venezuela,enable sexy web services
425,Nicky,Hodgon,nhodgonbs@arstechnica.com,宸瑜,2/17/2021,11371 Hovde Pass,Monitored responsive superstructure,Services,"Keebler, Breitenberg and Stiedemann",Thailand,exploit global users
426,Leyla,Predohl,lpredohlbt@archive.org,宸瑜,5/7/2020,4 Hayes Center,Right-sized even-keeled interface,Business Development,Dicki LLC,Peru,integrate dynamic portals
427,Cathy,Mocquer,cmocquerbu@taobao.com,烨伟,5/10/2020,57 Steensland Place,Adaptive user-facing moratorium,Human Resources,"Jenkins, Grant and Tillman",China,e-enable B2B partnerships
428,Nicky,Hargreaves,nhargreavesbv@indiegogo.com,琪煜,11/2/2020,167 Eggendart Alley,Organic asynchronous firmware,Services,Runolfsdottir and Sons,Mongolia,scale best-of-breed experiences
429,Kendell,Reubens,kreubensbw@wisc.edu,哲恒,1/27/2021,09 Cordelia Place,Expanded interactive adapter,Business Development,"McClure, Sanford and Kuhic",Brazil,target value-added infomediaries
430,Clarine,Twidell,ctwidellbx@usgs.gov,龙胜,4/16/2020,4789 American Ash Junction,Phased 5th generation core,Business Development,Koss LLC,Burundi,reinvent wireless experiences
431,Donetta,Blay,dblayby@sciencedaily.com,雅静,12/24/2020,93189 Hagan Alley,Synchronised bottom-line intranet,Training,McCullough and Sons,Portugal,e-enable one-to-one relationships
432,Athena,Borles,aborlesbz@a8.net,俊誉,11/17/2020,1 Maple Crossing,Polarised context-sensitive paradigm,Accounting,Williamson-Upton,Russia,transition B2B ROI
433,Paten,McArt,pmcartc0@edublogs.org,瀚聪,3/22/2020,819 Ridge Oak Alley,Open-source clear-thinking instruction set,Product Management,Luettgen Inc,China,disintermediate innovative networks
434,Ardelia,Hebborne,ahebbornec1@pinterest.com,永鑫,7/9/2020,4 Raven Place,Object-based needs-based internet solution,Business Development,Botsford-Mitchell,Gambia,deploy seamless e-business
435,Leonie,Attlee,lattleec2@guardian.co.uk,海程,6/19/2020,28074 Armistice Avenue,Re-contextualized grid-enabled toolset,Product Management,Greenholt-McCullough,Sweden,disintermediate next-generation solutions
436,Vale,Guierre,vguierrec3@altervista.org,秩选,6/18/2020,90459 Iowa Trail,Team-oriented zero defect attitude,Services,White Inc,China,orchestrate plug-and-play partnerships
437,Gherardo,Ashpital,gashpitalc4@skyrock.com,漫妮,10/26/2020,13003 Bartelt Trail,User-centric 24/7 moderator,Business Development,"Crooks, Rice and Spinka",Russia,aggregate dynamic web-readiness
438,Ginger,Posselwhite,gposselwhitec5@icq.com,雪丽,6/24/2020,86 Clemons Plaza,Inverse multimedia customer loyalty,Engineering,Jerde-Torphy,Brazil,visualize out-of-the-box channels
439,Ashleigh,Volonte,avolontec6@gravatar.com,宸赫,11/12/2020,07 Hanson Point,Cross-group discrete installation,Marketing,"Smith, Fahey and Hane",Canada,embrace impactful action-items
440,Nessi,McQuarter,nmcquarterc7@free.fr,清凌,12/30/2020,4142 Northport Alley,Synergized incremental neural-net,Services,MacGyver-Halvorson,Sweden,morph global ROI
441,Flint,Fleury,ffleuryc8@over-blog.com,羽彤,10/19/2020,71 Forest Junction,Phased leading edge frame,Training,Kertzmann-Mueller,Belgium,repurpose seamless users
442,Tiff,Oatley,toatleyc9@walmart.com,轩硕,4/11/2020,68 Clyde Gallagher Trail,Fundamental multi-state budgetary management,Accounting,Gorczany LLC,Brazil,streamline ubiquitous portals
443,Clemente,Hanford,chanfordca@hubpages.com,宇涵,12/27/2020,5414 Village Green Road,Realigned empowering algorithm,Engineering,Hansen-Hessel,Greece,revolutionize seamless relationships
444,Darren,Gercken,dgerckencb@xinhuanet.com,玺越,11/16/2020,82 Hayes Pass,Business-focused secondary archive,Training,Larkin-Hahn,Indonesia,streamline distributed e-commerce
445,Selinda,Roche,srochecc@whitehouse.gov,远帆,11/19/2020,87 Ridgeview Terrace,Public-key zero administration hub,Research and Development,"Rath, Lindgren and Rippin",Indonesia,e-enable bleeding-edge relationships
446,Fred,Ferrarello,fferrarellocd@mysql.com,晧宇,3/28/2020,470 Hintze Lane,Expanded optimizing artificial intelligence,Training,Purdy-McClure,Madagascar,orchestrate collaborative e-commerce
447,Charlean,Garrish,cgarrishce@state.tx.us,浩成,9/15/2020,7910 Swallow Pass,Devolved stable orchestration,Human Resources,"Marvin, Wunsch and Keeling",Indonesia,enhance robust relationships
448,Skye,Whittek,swhittekcf@thetimes.co.uk,璟雯,11/2/2020,61 Toban Street,Progressive high-level artificial intelligence,Marketing,"Hilpert, Howell and Sipes",Poland,drive proactive deliverables
449,Claresta,Pierrepoint,cpierrepointcg@amazonaws.com,宸赫,12/15/2020,7051 Rieder Plaza,Diverse scalable support,Sales,Schamberger Inc,Indonesia,deliver global infomediaries
450,Nigel,Simnett,nsimnettch@who.int,唯枫,6/10/2020,04 Dorton Hill,Multi-layered system-worthy protocol,Product Management,Lowe LLC,Ukraine,leverage distributed initiatives
451,Quinta,Shegog,qshegogci@state.gov,唯枫,4/12/2020,7627 Arrowood Place,Inverse disintermediate pricing structure,Training,Kuphal-Keebler,China,harness robust channels
452,Herta,Timny,htimnycj@xrea.com,海程,1/10/2021,27423 Hansons Plaza,Monitored background matrix,Legal,"Kihn, Ledner and Mertz",China,reintermediate rich paradigms
453,Aundrea,Izhak,aizhakck@archive.org,哲恒,1/5/2021,8171 Fulton Road,Multi-lateral multi-tasking matrix,Business Development,Abshire-Muller,China,reinvent transparent synergies
454,Amalle,Strank,astrankcl@who.int,松源,9/20/2020,6855 2nd Lane,Intuitive intermediate forecast,Human Resources,"Wolff, Schamberger and Paucek",Portugal,redefine synergistic e-markets
455,Valina,Pendell,vpendellcm@google.co.uk,雪怡,4/6/2020,7762 Crownhardt Circle,Visionary logistical protocol,Marketing,Brakus and Sons,Indonesia,leverage real-time vortals
456,Chrissie,Tesdale,ctesdalecn@pcworld.com,展博,6/20/2020,7176 Rigney Park,Multi-tiered bottom-line protocol,Sales,"Kuvalis, Marks and Lueilwitz",China,reinvent cross-platform e-commerce
457,Hartley,Hew,hhewco@tripadvisor.com,彤雨,6/3/2020,3006 Victoria Lane,Reactive client-server ability,Product Management,"Boyle, Turner and Wilderman",France,matrix dynamic web-readiness
458,Darius,Barwack,dbarwackcp@pbs.org,晧宇,10/7/2020,1 Eastlawn Terrace,Reverse-engineered empowering support,Legal,Renner Inc,Indonesia,transform sticky eyeballs
459,Lonni,Ealles,leallescq@foxnews.com,鑫蕾,7/5/2020,54 Service Terrace,Self-enabling static infrastructure,Legal,Rau Group,France,maximize B2B vortals
460,Madonna,Monsey,mmonseycr@cnet.com,雪丽,3/3/2021,72 Hayes Pass,Profit-focused well-modulated utilisation,Marketing,Padberg Inc,Croatia,seize frictionless markets
461,Lina,Haster,lhastercs@sogou.com,丰逸,5/7/2020,5449 Buell Court,Reduced directional capacity,Business Development,"Predovic, Gibson and O'Kon",Ecuador,deliver ubiquitous interfaces
462,Judye,Bartak,jbartakct@senate.gov,银含,8/21/2020,8094 Fordem Junction,Persistent mission-critical software,Services,"Daugherty, Becker and Barton",Japan,drive rich e-markets
463,Bellina,Gant,bgantcu@constantcontact.com,孜绍,6/30/2020,343 Summer Ridge Park,Optimized client-server approach,Training,"Klocko, Flatley and Hagenes",Indonesia,whiteboard B2B web services
464,Constantina,Cowie,ccowiecv@netlog.com,瀚聪,2/18/2021,3155 Kinsman Drive,Synergistic upward-trending knowledge base,Engineering,Wintheiser Inc,Dominican Republic,synthesize B2B supply-chains
465,Nana,Conisbee,nconisbeecw@tinyurl.com,晧宇,2/20/2021,1 Schmedeman Street,Optional executive open system,Services,"Kuhic, Bruen and Donnelly",Moldova,generate end-to-end communities
466,Galvin,Dericot,gdericotcx@spotify.com,博裕,8/19/2020,28 Comanche Street,Stand-alone 3rd generation methodology,Training,Johnson-MacGyver,Poland,mesh web-enabled systems
467,Isidore,Andrault,iandraultcy@icio.us,辰华,12/25/2020,133 Loftsgordon Alley,Compatible motivating interface,Research and Development,Considine LLC,Philippines,aggregate transparent relationships
468,Johann,Benardeau,jbenardeaucz@topsy.com,俊誉,10/23/2020,1 Continental Terrace,Team-oriented neutral concept,Accounting,"Hessel, Koelpin and West",Venezuela,benchmark viral communities
469,Charisse,Crosswaite,ccrosswaited0@theatlantic.com,可馨,5/7/2020,1648 Oak Valley Hill,Pre-emptive bi-directional parallelism,Product Management,"Prohaska, Boyer and Hayes",Canada,benchmark 24/7 platforms
470,Denys,Ungerecht,dungerechtd1@surveymonkey.com,尹智,1/1/2021,82 Moose Way,Networked homogeneous local area network,Legal,"DuBuque, Yundt and Heidenreich",Poland,drive granular eyeballs
471,Aymer,Freezer,afreezerd2@dion.ne.jp,博裕,5/17/2020,7069 Roxbury Plaza,Fundamental reciprocal orchestration,Support,Gerlach-Rogahn,China,embrace intuitive markets
472,Kora,Haste,khasted3@biglobe.ne.jp,婧涵,8/27/2020,91 Rigney Avenue,User-friendly analyzing implementation,Research and Development,"Bailey, Reichel and Hamill",Philippines,repurpose leading-edge systems
473,Sharline,Lawranson,slawransond4@eepurl.com,莉姿,2/26/2021,135 Knutson Street,Secured hybrid moderator,Support,Klocko and Sons,United States,revolutionize leading-edge platforms
474,Elliot,Pedrielli,epedriellid5@ftc.gov,思宇,2/20/2021,9 John Wall Alley,Ameliorated composite help-desk,Training,Marvin-Crist,China,redefine enterprise models
475,Cy,Corkel,ccorkeld6@timesonline.co.uk,永鑫,1/19/2021,09864 Hanover Alley,Implemented local alliance,Training,Kautzer and Sons,Indonesia,envisioneer value-added e-services
476,Lorenza,Caze,lcazed7@drupal.org,冠希,1/3/2021,53377 Havey Road,Multi-layered grid-enabled strategy,Services,Heathcote Inc,Greece,mesh transparent networks
477,My,Marklew,mmarklewd8@unesco.org,萧然,7/24/2020,9 Jana Avenue,Automated object-oriented middleware,Marketing,Ledner-Nicolas,United States,revolutionize front-end infomediaries
478,Wallace,Stokes,wstokesd9@jugem.jp,孜绍,1/30/2021,9376 Trailsway Avenue,Ameliorated uniform conglomeration,Research and Development,Roberts Inc,Canada,unleash cross-platform convergence
479,Lanie,Fairpool,lfairpoolda@amazon.com,梓彤,9/14/2020,70 Kennedy Court,Quality-focused client-server definition,Sales,Dickinson-Hoeger,Croatia,facilitate collaborative markets
480,Devina,Brute,dbrutedb@domainmarket.com,茹雪,7/25/2020,4207 Bartelt Street,Cross-platform homogeneous installation,Marketing,Zboncak-Gleason,Indonesia,implement one-to-one metrics
481,Jeanine,Rodenburgh,jrodenburghdc@opensource.org,雨萌,4/21/2020,09504 Melrose Place,Realigned leading edge moderator,Training,Torphy LLC,Philippines,optimize holistic communities
482,Rosette,Bernade,rbernadedd@nifty.com,雪丽,9/12/2020,33 Vera Place,Secured multi-tasking system engine,Sales,Nienow and Sons,Finland,target customized niches
483,Lotta,Steagall,lsteagallde@edublogs.org,梦洁,4/21/2020,3622 Holy Cross Crossing,Versatile heuristic task-force,Training,Kulas-Ziemann,Mali,implement vertical web-readiness
484,Kippy,Bartocci,kbartoccidf@bloglovin.com,月婵,12/18/2020,1 Mccormick Road,Switchable systematic forecast,Marketing,Schultz-Schneider,Russia,empower holistic e-markets
485,Lorens,Guidoni,lguidonidg@barnesandnoble.com,昕磊,6/23/2020,5 Emmet Place,Managed holistic forecast,Research and Development,"Bosco, Carter and D'Amore",Czech Republic,reintermediate virtual initiatives
486,Chrystal,Semerad,csemeraddh@moonfruit.com,佐仪,8/6/2020,55 Loeprich Center,Organized national time-frame,Human Resources,Bernier-Renner,Indonesia,innovate vertical eyeballs
487,Kelby,Gwatkins,kgwatkinsdi@prlog.org,辰华,5/4/2020,26 Maple Place,Cross-platform 3rd generation internet solution,Product Management,Barrows and Sons,Nicaragua,expedite interactive networks
488,Maximo,D'Ambrosi,mdambrosidj@latimes.com,睿杰,3/25/2020,90 Oriole Pass,Front-line responsive middleware,Marketing,"Altenwerth, Beer and Anderson",Kenya,e-enable out-of-the-box e-markets
489,Les,Sailor,lsailordk@miibeian.gov.cn,晧宇,9/16/2020,88 Hanson Center,Synchronised systematic model,Human Resources,Ernser Inc,China,cultivate synergistic functionalities
490,Rees,Sylett,rsylettdl@amazon.de,钰彤,7/29/2020,44 Meadow Ridge Avenue,Face to face national initiative,Engineering,Spencer Group,Nicaragua,implement next-generation web-readiness
491,Waylen,Worster,wworsterdm@yolasite.com,尚霖,7/28/2020,97510 Donald Park,Fully-configurable clear-thinking benchmark,Support,Klocko-Borer,Russia,streamline virtual e-services
492,Hubie,Gration,hgrationdn@imageshack.us,志宸,12/18/2020,877 Holmberg Point,Face to face executive interface,Engineering,Keeling LLC,Thailand,recontextualize global e-tailers
493,Robbin,Wettern,rwetterndo@wunderground.com,美莲,4/11/2020,7101 Little Fleur Parkway,Business-focused foreground contingency,Legal,Schowalter-Dicki,France,orchestrate compelling channels
494,Tobiah,Fawdery,tfawderydp@cisco.com,梦婷,2/19/2021,0 Crowley Drive,Re-contextualized multi-state circuit,Training,Okuneva-Moore,China,transform bleeding-edge content
495,Velma,Netherclift,vnethercliftdq@naver.com,墨含,6/7/2020,6 Oakridge Avenue,Intuitive explicit array,Research and Development,Schaden-Lakin,China,deploy mission-critical architectures
496,Davon,Bucktrout,dbucktroutdr@topsy.com,泰霖,12/11/2020,98 Ohio Street,Operative didactic policy,Product Management,Schuppe and Sons,China,aggregate granular e-business
497,Katlin,Dulanty,kdulantyds@ustream.tv,泽瀚,11/8/2020,673 Nevada Road,Open-architected local policy,Support,Upton Group,Slovenia,leverage clicks-and-mortar synergies
498,Eliza,Carbine,ecarbinedt@theguardian.com,清凌,11/19/2020,6089 Maple Wood Center,Customizable motivating focus group,Research and Development,"Hettinger, Gaylord and Mann",Portugal,syndicate innovative supply-chains
499,Theresa,Idle,tidledu@ocn.ne.jp,彦军,11/25/2020,7 Caliangt Avenue,Ergonomic incremental flexibility,Support,"Dooley, Brown and Kshlerin",Indonesia,leverage innovative users
500,Nickie,Kike,nkikedv@ebay.com,唯枫,5/12/2020,14043 Drewry Drive,Organized full-range moderator,Legal,Nikolaus-Daniel,China,incubate sticky supply-chains